#
# There is insufficient memory for the Java Runtime Environment to continue.
# Native memory allocation (mmap) failed to map 65536 bytes. Error detail: Failed to commit metaspace.
# Possible reasons:
#   The system is out of physical RAM or swap space
#   This process is running with CompressedOops enabled, and the Java Heap may be blocking the growth of the native heap
# Possible solutions:
#   Reduce memory load on the system
#   Increase physical memory or swap space
#   Check if swap backing store is full
#   Decrease Java heap size (-Xmx/-Xms)
#   Decrease number of Java threads
#   Decrease Java thread stack sizes (-Xss)
#   Set larger code cache with -XX:ReservedCodeCacheSize=
#   JVM is running with Unscaled Compressed Oops mode in which the Java heap is
#     placed in the first 4GB address space. The Java Heap base address is the
#     maximum limit for the native heap growth. Please use -XX:HeapBaseMinAddress
#     to set the Java Heap base and to place the Java Heap above 4GB virtual address.
# This output file may be truncated or incomplete.
#
#  Out of Memory Error (virtualSpaceNode.cpp:113), pid=20384, tid=17936
#
# JRE version: OpenJDK Runtime Environment Temurin-21.0.8+9 (21.0.8+9) (build 21.0.8+9-LTS)
# Java VM: OpenJDK 64-Bit Server VM Temurin-21.0.8+9 (21.0.8+9-LTS, mixed mode, sharing, tiered, compressed oops, compressed class ptrs, g1 gc, windows-amd64)
# No core dump will be written. Minidumps are not enabled by default on client versions of Windows
#

---------------  S U M M A R Y ------------

Command Line: -Dfile.encoding=UTF-8 com.ravindu.microservices.order.OrderServiceApplication

Host: AMD Ryzen 3 3250U with Radeon Graphics         , 4 cores, 5G,  Windows 11 , 64 bit Build 22621 (10.0.22621.5415)
Time: Wed Sep 17 21:23:17 2025 Sri Lanka Standard Time elapsed time: 1.155275 seconds (0d 0h 0m 1s)

---------------  T H R E A D  ---------------

Current thread (0x000001afc2f11450):  JavaThread "main"             [_thread_in_vm, id=17936, stack(0x0000000d30b00000,0x0000000d30c00000) (1024K)]

Stack: [0x0000000d30b00000,0x0000000d30c00000]
Native frames: (J=compiled Java code, j=interpreted, Vv=VM code, C=native code)
V  [jvm.dll+0x6d2449]
V  [jvm.dll+0x8ae341]
V  [jvm.dll+0x8b08be]
V  [jvm.dll+0x8b0fa3]
V  [jvm.dll+0x280c96]
V  [jvm.dll+0x8aa07e]
V  [jvm.dll+0x6745b5]
V  [jvm.dll+0x1e5b2c]
V  [jvm.dll+0x1e58fe]
V  [jvm.dll+0x676eb2]
V  [jvm.dll+0x676cd2]
V  [jvm.dll+0x674f8e]
V  [jvm.dll+0x26bc76]
V  [jvm.dll+0x146c44]
V  [jvm.dll+0x288d13]
V  [jvm.dll+0x28a357]
V  [jvm.dll+0x20f32a]
V  [jvm.dll+0x20eadd]
V  [jvm.dll+0x5b1a06]
V  [jvm.dll+0x827606]
V  [jvm.dll+0x4741b6]
V  [jvm.dll+0x47a088]
C  [java.dll+0x17ec]

Java frames: (J=compiled Java code, j=interpreted, Vv=VM code)
J 569  java.lang.ClassLoader.defineClass1(Ljava/lang/ClassLoader;Ljava/lang/String;[BIILjava/security/ProtectionDomain;Ljava/lang/String;)Ljava/lang/Class; java.base@21.0.8 (0 bytes) @ 0x000001afd53c0a11 [0x000001afd53c0940+0x00000000000000d1]
j  java.lang.ClassLoader.defineClass(Ljava/lang/String;[BIILjava/security/ProtectionDomain;)Ljava/lang/Class;+27 java.base@21.0.8
j  java.security.SecureClassLoader.defineClass(Ljava/lang/String;[BIILjava/security/CodeSource;)Ljava/lang/Class;+12 java.base@21.0.8
j  jdk.internal.loader.BuiltinClassLoader.defineClass(Ljava/lang/String;Ljdk/internal/loader/Resource;)Ljava/lang/Class;+117 java.base@21.0.8
j  jdk.internal.loader.BuiltinClassLoader.findClassOnClassPathOrNull(Ljava/lang/String;)Ljava/lang/Class;+37 java.base@21.0.8
J 402 c1 jdk.internal.loader.BuiltinClassLoader.loadClassOrNull(Ljava/lang/String;Z)Ljava/lang/Class; java.base@21.0.8 (143 bytes) @ 0x000001afcd94d8fc [0x000001afcd94cee0+0x0000000000000a1c]
J 690 c1 jdk.internal.loader.ClassLoaders$AppClassLoader.loadClass(Ljava/lang/String;Z)Ljava/lang/Class; java.base@21.0.8 (40 bytes) @ 0x000001afcd9c7c64 [0x000001afcd9c7a80+0x00000000000001e4]
J 689 c1 java.lang.ClassLoader.loadClass(Ljava/lang/String;)Ljava/lang/Class; java.base@21.0.8 (7 bytes) @ 0x000001afcd9c7754 [0x000001afcd9c7640+0x0000000000000114]
v  ~StubRoutines::call_stub 0x000001afd4df100d
J 569  java.lang.ClassLoader.defineClass1(Ljava/lang/ClassLoader;Ljava/lang/String;[BIILjava/security/ProtectionDomain;Ljava/lang/String;)Ljava/lang/Class; java.base@21.0.8 (0 bytes) @ 0x000001afd53c0a11 [0x000001afd53c0940+0x00000000000000d1]
j  java.lang.ClassLoader.defineClass(Ljava/lang/String;[BIILjava/security/ProtectionDomain;)Ljava/lang/Class;+27 java.base@21.0.8
j  java.security.SecureClassLoader.defineClass(Ljava/lang/String;[BIILjava/security/CodeSource;)Ljava/lang/Class;+12 java.base@21.0.8
j  jdk.internal.loader.BuiltinClassLoader.defineClass(Ljava/lang/String;Ljdk/internal/loader/Resource;)Ljava/lang/Class;+117 java.base@21.0.8
j  jdk.internal.loader.BuiltinClassLoader.findClassOnClassPathOrNull(Ljava/lang/String;)Ljava/lang/Class;+37 java.base@21.0.8
J 402 c1 jdk.internal.loader.BuiltinClassLoader.loadClassOrNull(Ljava/lang/String;Z)Ljava/lang/Class; java.base@21.0.8 (143 bytes) @ 0x000001afcd94d8fc [0x000001afcd94cee0+0x0000000000000a1c]
J 690 c1 jdk.internal.loader.ClassLoaders$AppClassLoader.loadClass(Ljava/lang/String;Z)Ljava/lang/Class; java.base@21.0.8 (40 bytes) @ 0x000001afcd9c7c64 [0x000001afcd9c7a80+0x00000000000001e4]
J 689 c1 java.lang.ClassLoader.loadClass(Ljava/lang/String;)Ljava/lang/Class; java.base@21.0.8 (7 bytes) @ 0x000001afcd9c7754 [0x000001afcd9c7640+0x0000000000000114]
v  ~StubRoutines::call_stub 0x000001afd4df100d
j  java.lang.Class.forName0(Ljava/lang/String;ZLjava/lang/ClassLoader;Ljava/lang/Class;)Ljava/lang/Class;+0 java.base@21.0.8
j  java.lang.Class.forName(Ljava/lang/String;ZLjava/lang/ClassLoader;Ljava/lang/Class;)Ljava/lang/Class;+37 java.base@21.0.8
j  java.lang.Class.forName(Ljava/lang/String;ZLjava/lang/ClassLoader;)Ljava/lang/Class;+20 java.base@21.0.8
j  org.springframework.util.ClassUtils.forName(Ljava/lang/String;Ljava/lang/ClassLoader;)Ljava/lang/Class;+164
j  org.springframework.util.ClassUtils.isPresent(Ljava/lang/String;Ljava/lang/ClassLoader;)Z+2
j  org.springframework.boot.WebApplicationType.deduceFromClasspath()Lorg/springframework/boot/WebApplicationType;+51
j  org.springframework.boot.SpringApplication.<init>(Lorg/springframework/core/io/ResourceLoader;[Ljava/lang/Class;)V+81
j  org.springframework.boot.SpringApplication.<init>([Ljava/lang/Class;)V+3
j  org.springframework.boot.SpringApplication.run([Ljava/lang/Class;[Ljava/lang/String;)Lorg/springframework/context/ConfigurableApplicationContext;+5
j  org.springframework.boot.SpringApplication.run(Ljava/lang/Class;[Ljava/lang/String;)Lorg/springframework/context/ConfigurableApplicationContext;+9
j  com.ravindu.microservices.order.OrderServiceApplication.main([Ljava/lang/String;)V+3
v  ~StubRoutines::call_stub 0x000001afd4df100d

Compiled method (n/a) 1209  569     n 0       java.lang.ClassLoader::defineClass1 (native)
 total in heap  [0x000001afd53c0790,0x000001afd53c0df0] = 1632
 relocation     [0x000001afd53c08f0,0x000001afd53c0928] = 56
 main code      [0x000001afd53c0940,0x000001afd53c0def] = 1199
 stub code      [0x000001afd53c0def,0x000001afd53c0df0] = 1

[Constant Pool (empty)]

[MachCode]
[Entry Point]
  # {method} {0x000001af80436f00} 'defineClass1' '(Ljava/lang/ClassLoader;Ljava/lang/String;[BIILjava/security/ProtectionDomain;Ljava/lang/String;)Ljava/lang/Class;' in 'java/lang/ClassLoader'
  # parm0:    rdx:rdx   = 'java/lang/ClassLoader'
  # parm1:    r8:r8     = 'java/lang/String'
  # parm2:    r9:r9     = '[B'
  # parm3:    rdi       = int
  # parm4:    rsi       = int
  # parm5:    rcx:rcx   = 'java/security/ProtectionDomain'
  # parm6:    [sp+0xa0]   = 'java/lang/String'  (sp of caller)
  0x000001afd53c0940: 448b 5208 | 49bb 0000 | 0080 af01 | 0000 4d03 | d349 3bc2 | 0f84 0600 

  0x000001afd53c0958: ;   {runtime_call ic_miss_stub}
  0x000001afd53c0958: 0000 e921 | dea7 ff90 
[Verified Entry Point]
  0x000001afd53c0960: 8984 2400 | 80ff ff55 | 488b ec48 | 81ec 9000 | 0000 6690 | 4181 7f20 | 0100 0000 

  0x000001afd53c097c: ;   {runtime_call StubRoutines (final stubs)}
  0x000001afd53c097c: 7405 e8dd | 43a6 ff48 | 837d 1000 | 488d 4510 | 480f 4445 | 1048 8944 | 2440 4889 | 4c24 7048 
  0x000001afd53c099c: 83f9 0048 | 8d44 2470 | 480f 4444 | 2470 4889 | 4424 3848 | 8974 2430 | 4889 7c24 | 284c 894c 
  0x000001afd53c09bc: 2458 4983 | f900 488d | 4424 5848 | 0f44 4424 | 5848 8944 | 2420 4c89 | 4424 5049 | 83f8 004c 
  0x000001afd53c09dc: 8d4c 2450 | 4c0f 444c | 2450 4889 | 5424 4848 | 83fa 004c | 8d44 2448 | 4c0f 4444 

  0x000001afd53c09f8: ;   {oop(a 'java/lang/Class'{0x00000000a6b01450} = 'java/lang/ClassLoader')}
  0x000001afd53c09f8: 2448 49be | 5014 b0a6 | 0000 0000 | 4c89 7424 | 784c 8d74 | 2478 498b | d6c5 f877 

  0x000001afd53c0a14: ;   {internal_word}
  0x000001afd53c0a14: 49ba 110a | 3cd5 af01 | 0000 4d89 | 97a0 0300 | 0049 89a7 | 9803 0000 

  0x000001afd53c0a2c: ;   {external_word}
  0x000001afd53c0a2c: 49ba 56cc | 55a3 fe7f | 0000 4180 | 3a00 0f84 | 4e00 0000 | 5241 5041 

  0x000001afd53c0a44: ;   {metadata({method} {0x000001af80436f00} 'defineClass1' '(Ljava/lang/ClassLoader;Ljava/lang/String;[BIILjava/security/ProtectionDomain;Ljava/lang/String;)Ljava/lang/Class;' in 'java/lang/ClassLoader')}
  0x000001afd53c0a44: 5148 baf8 | 6e43 80af | 0100 0049 | 8bcf 4883 | ec20 40f6 | c40f 0f84 | 1900 0000 | 4883 ec08 
  0x000001afd53c0a64: ;   {runtime_call}
  0x000001afd53c0a64: 48b8 908d | ffa2 fe7f | 0000 ffd0 | 4883 c408 | e90c 0000 

  0x000001afd53c0a78: ;   {runtime_call}
  0x000001afd53c0a78: 0048 b890 | 8dff a2fe | 7f00 00ff | d048 83c4 | 2041 5941 | 585a 498d | 8fb8 0300 | 0041 c787 
  0x000001afd53c0a98: 4404 0000 | 0400 0000 

  0x000001afd53c0aa0: ;   {runtime_call}
  0x000001afd53c0aa0: 48b8 ac16 | d331 ff7f | 0000 ffd0 | c5f8 7741 | c787 4404 | 0000 0500 | 0000 f083 | 4424 c000 
  0x000001afd53c0ac0: 493b af48 | 0400 000f | 870e 0000 | 0041 83bf | 4004 0000 | 000f 842b | 0000 00c5 | f877 4889 
  0x000001afd53c0ae0: 45f8 498b | cf4c 8be4 | 4883 ec20 | 4883 e4f0 

  0x000001afd53c0af0: ;   {runtime_call}
  0x000001afd53c0af0: 48b8 20fa | caa2 fe7f | 0000 ffd0 | 498b e44d | 33e4 488b | 45f8 41c7 | 8744 0400 | 0008 0000 
  0x000001afd53c0b10: 0041 83bf | c004 0000 | 020f 84a3 

  0x000001afd53c0b1c: ;   {external_word}
  0x000001afd53c0b1c: 0200 0049 | ba56 cc55 | a3fe 7f00 | 0041 803a | 000f 844c | 0000 0048 

  0x000001afd53c0b34: ;   {metadata({method} {0x000001af80436f00} 'defineClass1' '(Ljava/lang/ClassLoader;Ljava/lang/String;[BIILjava/security/ProtectionDomain;Ljava/lang/String;)Ljava/lang/Class;' in 'java/lang/ClassLoader')}
  0x000001afd53c0b34: 8945 f848 | baf8 6e43 | 80af 0100 | 0049 8bcf | 4883 ec20 | 40f6 c40f | 0f84 1900 | 0000 4883 
  0x000001afd53c0b54: ;   {runtime_call}
  0x000001afd53c0b54: ec08 48b8 | 908d ffa2 | fe7f 0000 | ffd0 4883 | c408 e90c 

  0x000001afd53c0b68: ;   {runtime_call}
  0x000001afd53c0b68: 0000 0048 | b890 8dff | a2fe 7f00 | 00ff d048 | 83c4 2048 | 8b45 f849 | c787 9803 | 0000 0000 
  0x000001afd53c0b88: 0000 49c7 | 87a0 0300 | 0000 0000 | 00c5 f877 | 4885 c00f | 84fe 0100 | 00a8 030f | 8508 0000 
  0x000001afd53c0ba8: 0048 8b00 | e9ee 0100 | 00a8 010f | 8509 0000 | 0048 8b40 | fee9 dd01 | 0000 488b | 40ff 4180 
  0x000001afd53c0bc8: 7f40 000f | 84ce 0100 | 0048 83f8 | 000f 84c4 | 0100 0049 | 8b4f 2848 | 83f9 000f | 8414 0000 
  0x000001afd53c0be8: 0048 83e9 | 0849 894f | 2849 034f | 3848 8901 | e9a2 0100 | 0048 81ec | d000 0000 | 4889 0424 
  0x000001afd53c0c08: 4889 4c24 | 0848 8954 | 2410 4889 | 7424 1848 | 897c 2420 | 4c89 4424 | 284c 894c | 2430 4c89 
  0x000001afd53c0c28: 5424 384c | 895c 2440 | c5fb 1144 | 2450 c5fb | 114c 2458 | c5fb 1154 | 2460 c5fb | 115c 2468 
  0x000001afd53c0c48: c5fb 1164 | 2470 c5fb | 116c 2478 | c5fb 11b4 | 2480 0000 | 00c5 fb11 | bc24 8800 | 0000 c57b 
  0x000001afd53c0c68: ;   {no_reloc}
  0x000001afd53c0c68: 1184 2490 | 0000 00c5 | 7b11 8c24 | 9800 0000 | c57b 1194 | 24a0 0000 | 00c5 7b11 | 9c24 a800 
  0x000001afd53c0c88: 0000 c57b | 11a4 24b0 | 0000 00c5 | 7b11 ac24 | b800 0000 | c57b 11b4 | 24c0 0000 | 00c5 7b11 
  0x000001afd53c0ca8: bc24 c800 | 0000 498b | d748 8bc8 | 4883 ec20 | 40f6 c40f | 0f84 1900 | 0000 4883 

  0x000001afd53c0cc4: ;   {runtime_call}
  0x000001afd53c0cc4: ec08 48b8 | c03c bea2 | fe7f 0000 | ffd0 4883 | c408 e90c 

  0x000001afd53c0cd8: ;   {runtime_call}
  0x000001afd53c0cd8: 0000 0048 | b8c0 3cbe | a2fe 7f00 | 00ff d048 | 83c4 20c5 | 7b10 bc24 | c800 0000 | c57b 10b4 
  0x000001afd53c0cf8: 24c0 0000 | 00c5 7b10 | ac24 b800 | 0000 c57b | 10a4 24b0 | 0000 00c5 | 7b10 9c24 | a800 0000 
  0x000001afd53c0d18: c57b 1094 | 24a0 0000 | 00c5 7b10 | 8c24 9800 | 0000 c57b | 1084 2490 | 0000 00c5 | fb10 bc24 
  0x000001afd53c0d38: 8800 0000 | c5fb 10b4 | 2480 0000 | 00c5 fb10 | 6c24 78c5 | fb10 6424 | 70c5 fb10 | 5c24 68c5 
  0x000001afd53c0d58: fb10 5424 | 60c5 fb10 | 4c24 58c5 | fb10 4424 | 504c 8b5c | 2440 4c8b | 5424 384c | 8b4c 2430 
  0x000001afd53c0d78: 4c8b 4424 | 2848 8b7c | 2420 488b | 7424 1848 | 8b54 2410 | 488b 4c24 | 0848 8b04 | 2448 81c4 
  0x000001afd53c0d98: d000 0000 | c5f8 7749 | 8b8f 2804 | 0000 c781 | 0001 0000 | 0000 0000 | c949 837f | 0800 0f85 
  0x000001afd53c0db8: 0100 0000 

  0x000001afd53c0dbc: ;   {runtime_call StubRoutines (initial stubs)}
  0x000001afd53c0dbc: c3e9 3e01 | a3ff c5f8 | 7748 8945 | f84c 8be4 | 4883 ec20 | 4883 e4f0 

  0x000001afd53c0dd4: ;   {runtime_call}
  0x000001afd53c0dd4: 48b8 30c5 | ffa2 fe7f | 0000 ffd0 | 498b e44d | 33e4 488b | 45f8 e930 | fdff fff4 
[/MachCode]


Compiled method (c1) 1223  402   !   3       jdk.internal.loader.BuiltinClassLoader::loadClassOrNull (143 bytes)
 total in heap  [0x000001afcd94cc10,0x000001afcd94e3f0] = 6112
 relocation     [0x000001afcd94cd70,0x000001afcd94ced8] = 360
 main code      [0x000001afcd94cee0,0x000001afcd94dd40] = 3680
 stub code      [0x000001afcd94dd40,0x000001afcd94de00] = 192
 metadata       [0x000001afcd94de00,0x000001afcd94de60] = 96
 scopes data    [0x000001afcd94de60,0x000001afcd94e088] = 552
 scopes pcs     [0x000001afcd94e088,0x000001afcd94e268] = 480
 dependencies   [0x000001afcd94e268,0x000001afcd94e278] = 16
 handler table  [0x000001afcd94e278,0x000001afcd94e3c8] = 336
 nul chk table  [0x000001afcd94e3c8,0x000001afcd94e3f0] = 40

[Constant Pool (empty)]

[MachCode]
[Entry Point]
  # {method} {0x000001af80068bc0} 'loadClassOrNull' '(Ljava/lang/String;Z)Ljava/lang/Class;' in 'jdk/internal/loader/BuiltinClassLoader'
  # this:     rdx:rdx   = 'jdk/internal/loader/BuiltinClassLoader'
  # parm0:    r8:r8     = 'java/lang/String'
  # parm1:    r9        = boolean
  #           [sp+0xd0]  (sp of caller)
  0x000001afcd94cee0: 448b 5208 | 49bb 0000 | 0080 af01 | 0000 4d03 | d34c 3bd0 

  0x000001afcd94cef4: ;   {runtime_call ic_miss_stub}
  0x000001afcd94cef4: 0f85 8618 | 4f07 660f | 1f44 0000 
[Verified Entry Point]
  0x000001afcd94cf00: 8984 2400 | 80ff ff55 | 4881 ecc0 | 0000 0090 | 4181 7f20 | 0100 0000 

  0x000001afcd94cf18: ;   {runtime_call StubRoutines (final stubs)}
  0x000001afcd94cf18: 7405 e841 | 7e4d 0748 | 8954 2468 

  0x000001afcd94cf24: ;   {metadata(method data for {method} {0x000001af80068bc0} 'loadClassOrNull' '(Ljava/lang/String;Z)Ljava/lang/Class;' in 'jdk/internal/loader/BuiltinClassLoader')}
  0x000001afcd94cf24: 48be 6083 | 09e1 af01 | 0000 8bbe | cc00 0000 | 83c7 0289 | becc 0000 | 0081 e7fe | 0700 0085 
  0x000001afcd94cf44: ff0f 84d1 | 0b00 0044 | 894c 2478 

  0x000001afcd94cf50: ;   {metadata(method data for {method} {0x000001af80068bc0} 'loadClassOrNull' '(Ljava/lang/String;Z)Ljava/lang/Class;' in 'jdk/internal/loader/BuiltinClassLoader')}
  0x000001afcd94cf50: 488b f248 | bf60 8309 | e1af 0100 | 008b 7608 | 49ba 0000 | 0080 af01 | 0000 4903 | f248 3bb7 
  0x000001afcd94cf70: 2001 0000 | 750d 4883 | 8728 0100 | 0001 e960 | 0000 0048 | 3bb7 3001 | 0000 750d | 4883 8738 
  0x000001afcd94cf90: 0100 0001 | e94a 0000 | 0048 83bf | 2001 0000 | 0075 1748 | 89b7 2001 | 0000 48c7 | 8728 0100 
  0x000001afcd94cfb0: 0001 0000 | 00e9 2900 | 0000 4883 | bf30 0100 | 0000 7517 | 4889 b730 | 0100 0048 | c787 3801 
  0x000001afcd94cfd0: 0000 0100 | 0000 e908 | 0000 0048 | 8387 1001 | 0000 0149 | 8bf0 4c8b | c648 8bfa | 488b d748 
  0x000001afcd94cff0: 8974 2470 

  0x000001afcd94cff4: ;   {optimized virtual_call}
  0x000001afcd94cff4: 6666 90e8 

  0x000001afcd94cff8: ; ImmutableOopMap {[104]=Oop [112]=Oop }
                      ;*invokevirtual getClassLoadingLock {reexecute=0 rethrow=0 return_oop=0}
                      ; - jdk.internal.loader.BuiltinClassLoader::loadClassOrNull@2 (line 651)
  0x000001afcd94cff8: 8475 0000 

  0x000001afcd94cffc: ;   {other}
  0x000001afcd94cffc: 0f1f 8400 | ec03 0000 | 4889 8424 | 8000 0000 | 488d 9424 | a000 0000 | 488b f048 | 8972 0848 
  0x000001afcd94d01c: 8b06 4883 | c801 4889 | 02f0 480f | b116 0f84 | 1200 0000 | 482b c448 | 2507 f0ff | ff48 8902 
  0x000001afcd94d03c: 0f85 000b | 0000 49ff | 8748 0500 | 0048 8b54 

  0x000001afcd94d04c: ;   {metadata(method data for {method} {0x000001af80068bc0} 'loadClassOrNull' '(Ljava/lang/String;Z)Ljava/lang/Class;' in 'jdk/internal/loader/BuiltinClassLoader')}
  0x000001afcd94d04c: 2468 48be | 6083 09e1 | af01 0000 | 4883 8648 | 0100 0001 

  0x000001afcd94d060: ;   {metadata(method data for {method} {0x000001af80437388} 'findLoadedClass' '(Ljava/lang/String;)Ljava/lang/Class;' in 'java/lang/ClassLoader')}
  0x000001afcd94d060: 48ba 608a | 09e1 af01 | 0000 8bb2 | cc00 0000 | 83c6 0289 | b2cc 0000 | 0081 e6fe | ff1f 0085 
  0x000001afcd94d080: f60f 84ce 

  0x000001afcd94d084: ;   {metadata(method data for {method} {0x000001af80437388} 'findLoadedClass' '(Ljava/lang/String;)Ljava/lang/Class;' in 'java/lang/ClassLoader')}
  0x000001afcd94d084: 0a00 0048 | ba60 8a09 | e1af 0100 | 0048 8382 | 1001 0000 | 0148 8b54 

  0x000001afcd94d09c: ;   {static_call}
  0x000001afcd94d09c: 2470 90e8 

  0x000001afcd94d0a0: ; ImmutableOopMap {[104]=Oop [112]=Oop [128]=Oop [168]=Oop }
                      ;*invokestatic checkName {reexecute=0 rethrow=0 return_oop=0}
                      ; - java.lang.ClassLoader::findLoadedClass@1 (line 1298)
                      ; - jdk.internal.loader.BuiltinClassLoader::loadClassOrNull@10 (line 653)
  0x000001afcd94d0a0: 1cc5 feff 

  0x000001afcd94d0a4: ;   {other}
  0x000001afcd94d0a4: 0f1f 8400 | 9404 0001 

  0x000001afcd94d0ac: ;   {metadata(method data for {method} {0x000001af80437388} 'findLoadedClass' '(Ljava/lang/String;)Ljava/lang/Class;' in 'java/lang/ClassLoader')}
  0x000001afcd94d0ac: 85c0 49b8 | 608a 09e1 | af01 0000 | 48c7 c220 | 0100 0075 | 0748 c7c2 | 3001 0000 | 498b 3410 
  0x000001afcd94d0cc: 488d 7601 | 4989 3410 | 0f85 0f00 

  0x000001afcd94d0d8: ;   {oop(nullptr)}
  0x000001afcd94d0d8: 0000 48be | 0000 0000 | 0000 0000 | e936 0000 | 0048 8b54 

  0x000001afcd94d0ec: ;   {metadata(method data for {method} {0x000001af80437388} 'findLoadedClass' '(Ljava/lang/String;)Ljava/lang/Class;' in 'java/lang/ClassLoader')}
  0x000001afcd94d0ec: 2468 49b8 | 608a 09e1 | af01 0000 | 4983 8040 | 0100 0001 | 4c8b 4424 | 7048 8b54 | 2468 0f1f 
  0x000001afcd94d10c: ;   {optimized virtual_call}
  0x000001afcd94d10c: 4400 00e8 

  0x000001afcd94d110: ; ImmutableOopMap {[104]=Oop [112]=Oop [128]=Oop [168]=Oop }
                      ;*invokevirtual findLoadedClass0 {reexecute=0 rethrow=0 return_oop=0}
                      ; - java.lang.ClassLoader::findLoadedClass@11 (line 1300)
                      ; - jdk.internal.loader.BuiltinClassLoader::loadClassOrNull@10 (line 653)
  0x000001afcd94d110: 4ced a507 

  0x000001afcd94d114: ;   {other}
  0x000001afcd94d114: 0f1f 8400 | 0405 0002 | 488b f048 

  0x000001afcd94d120: ;   {metadata(method data for {method} {0x000001af80068bc0} 'loadClassOrNull' '(Ljava/lang/String;Z)Ljava/lang/Class;' in 'jdk/internal/loader/BuiltinClassLoader')}
  0x000001afcd94d120: 85f6 49b8 | 6083 09e1 | af01 0000 | 48c7 c280 | 0100 0075 | 0748 c7c2 | 9001 0000 | 498b 3c10 
  0x000001afcd94d140: 488d 7f01 | 4989 3c10 | 0f85 b907 | 0000 4889 | b424 8800 | 0000 488b 

  0x000001afcd94d158: ;   {metadata(method data for {method} {0x000001af80068bc0} 'loadClassOrNull' '(Ljava/lang/String;Z)Ljava/lang/Class;' in 'jdk/internal/loader/BuiltinClassLoader')}
  0x000001afcd94d158: 5424 6849 | b860 8309 | e1af 0100 | 0049 8380 | a001 0000 | 014c 8b44 | 2470 488b 

  0x000001afcd94d174: ;   {optimized virtual_call}
  0x000001afcd94d174: 5424 68e8 

  0x000001afcd94d178: ; ImmutableOopMap {[104]=Oop [112]=Oop [128]=Oop [136]=Oop [168]=Oop }
                      ;*invokevirtual findLoadedModule {reexecute=0 rethrow=0 return_oop=0}
                      ; - jdk.internal.loader.BuiltinClassLoader::loadClassOrNull@22 (line 658)
  0x000001afcd94d178: 6427 0700 

  0x000001afcd94d17c: ;   {other}
  0x000001afcd94d17c: 0f1f 8400 | 6c05 0003 

  0x000001afcd94d184: ;   {metadata(method data for {method} {0x000001af80068bc0} 'loadClassOrNull' '(Ljava/lang/String;Z)Ljava/lang/Class;' in 'jdk/internal/loader/BuiltinClassLoader')}
  0x000001afcd94d184: 4885 c049 | b860 8309 | e1af 0100 | 0049 c7c1 | d801 0000 | 7407 49c7 | c1e8 0100 | 004b 8b14 
  0x000001afcd94d1a4: 0848 8d52 | 014b 8914 | 0848 8b54 | 2468 0f84 | 8d03 0000 

  0x000001afcd94d1b8: ; implicit exception: dispatches to 0x000001afcd94db76
  0x000001afcd94d1b8: 483b 004c 

  0x000001afcd94d1bc: ;   {metadata(method data for {method} {0x000001af80068bc0} 'loadClassOrNull' '(Ljava/lang/String;Z)Ljava/lang/Class;' in 'jdk/internal/loader/BuiltinClassLoader')}
  0x000001afcd94d1bc: 8bc0 49b9 | 6083 09e1 | af01 0000 

  0x000001afcd94d1c8: ;   {metadata('jdk/internal/loader/BuiltinClassLoader$LoadedModule')}
  0x000001afcd94d1c8: 49ba a055 | 1780 af01 | 0000 4d89 | 9108 0200 | 0049 8381 | 1002 0000 | 018b 700c 

  0x000001afcd94d1e4: ;   {metadata(method data for {method} {0x000001af80068bc0} 'loadClassOrNull' '(Ljava/lang/String;Z)Ljava/lang/Class;' in 'jdk/internal/loader/BuiltinClassLoader')}
  0x000001afcd94d1e4: 483b f249 | b860 8309 | e1af 0100 | 0049 c7c1 | 3002 0000 | 7507 49c7 | c140 0200 | 004b 8b3c 
  0x000001afcd94d204: 0848 8d7f | 014b 893c | 080f 851a 

  0x000001afcd94d210: ;   {metadata(method data for {method} {0x000001af80068bc0} 'loadClassOrNull' '(Ljava/lang/String;Z)Ljava/lang/Class;' in 'jdk/internal/loader/BuiltinClassLoader')}
  0x000001afcd94d210: 0200 0049 | b860 8309 | e1af 0100 | 0049 8380 | 5002 0000 

  0x000001afcd94d224: ;   {metadata(method data for {method} {0x000001af804515c0} 'isModuleSystemInited' '()Z' in 'jdk/internal/misc/VM')}
  0x000001afcd94d224: 0149 b878 | 8e09 e1af | 0100 0045 | 8b88 cc00 | 0000 4183 | c102 4589 | 88cc 0000 | 0041 81e1 
  0x000001afcd94d244: feff 1f00 | 4585 c90f | 842a 0900 

  0x000001afcd94d250: ;   {oop(a 'java/lang/Class'{0x00000000a6b0a540} = 'jdk/internal/misc/VM')}
  0x000001afcd94d250: 0049 b840 | a5b0 a600 | 0000 0045 | 8b80 9400 | 0000 4183 

  0x000001afcd94d264: ;   {metadata(method data for {method} {0x000001af804515c0} 'isModuleSystemInited' '()Z' in 'jdk/internal/misc/VM')}
  0x000001afcd94d264: f802 49b8 | 788e 09e1 | af01 0000 | 49c7 c110 | 0100 007c | 0749 c7c1 | 2001 0000 | 4b8b 3408 
  0x000001afcd94d284: 488d 7601 | 4b89 3408 | 0f8c 1c00 

  0x000001afcd94d290: ;   {metadata(method data for {method} {0x000001af804515c0} 'isModuleSystemInited' '()Z' in 'jdk/internal/misc/VM')}
  0x000001afcd94d290: 0000 49b8 | 788e 09e1 | af01 0000 | 41ff 8030 | 0100 0041 | b801 0000 | 00e9 0600 | 0000 41b8 
  0x000001afcd94d2b0: 0000 0000 | 4183 e001 

  0x000001afcd94d2b8: ;   {metadata(method data for {method} {0x000001af80068bc0} 'loadClassOrNull' '(Ljava/lang/String;Z)Ljava/lang/Class;' in 'jdk/internal/loader/BuiltinClassLoader')}
  0x000001afcd94d2b8: 4585 c049 | b860 8309 | e1af 0100 | 0049 c7c1 | 7002 0000 | 7507 49c7 | c160 0200 | 004b 8b34 
  0x000001afcd94d2d8: 0848 8d76 | 014b 8934 | 080f 850d | 0000 0048 | 8bb4 2488 | 0000 00e9 | 3b02 0000 

  0x000001afcd94d2f4: ;   {metadata(method data for {method} {0x000001af80068bc0} 'loadClassOrNull' '(Ljava/lang/String;Z)Ljava/lang/Class;' in 'jdk/internal/loader/BuiltinClassLoader')}
  0x000001afcd94d2f4: 4c8b c249 | b960 8309 | e1af 0100 | 0049 8381 | 8002 0000 

  0x000001afcd94d308: ;   {metadata(method data for {method} {0x000001af800692f8} 'findClassInModuleOrNull' '(Ljdk/internal/loader/BuiltinClassLoader$LoadedModule;Ljava/lang/String;)Ljava/lang/Class;' in 'jdk/internal/loader/BuiltinClassLoader')}
  0x000001afcd94d308: 0149 b8d8 | 8f09 e1af | 0100 0045 | 8b88 cc00 | 0000 4183 | c102 4589 | 88cc 0000 | 0041 81e1 
  0x000001afcd94d328: feff 1f00 | 4585 c90f | 8467 0800 

  0x000001afcd94d334: ;   {metadata(method data for {method} {0x000001af800692f8} 'findClassInModuleOrNull' '(Ljdk/internal/loader/BuiltinClassLoader$LoadedModule;Ljava/lang/String;)Ljava/lang/Class;' in 'jdk/internal/loader/BuiltinClassLoader')}
  0x000001afcd94d334: 0049 b8d8 | 8f09 e1af | 0100 0049 | 8380 1001 

  0x000001afcd94d344: ;   {metadata(method data for {method} {0x000001af8001b3c8} 'getSecurityManager' '()Ljava/lang/SecurityManager;' in 'java/lang/System')}
  0x000001afcd94d344: 0000 0149 | b8b0 3b03 | e1af 0100 | 0045 8b88 | cc00 0000 | 4183 c102 | 4589 88cc | 0000 0041 
  0x000001afcd94d364: 81e1 feff | 1f00 4585 | c90f 844a 

  0x000001afcd94d370: ;   {metadata(method data for {method} {0x000001af8001b3c8} 'getSecurityManager' '()Ljava/lang/SecurityManager;' in 'java/lang/System')}
  0x000001afcd94d370: 0800 0049 | b8b0 3b03 | e1af 0100 | 0049 8380 | 1001 0000 

  0x000001afcd94d384: ;   {metadata(method data for {method} {0x000001af8001b4e0} 'allowSecurityManager' '()Z' in 'java/lang/System')}
  0x000001afcd94d384: 0149 b828 | 3d03 e1af | 0100 0045 | 8b88 cc00 | 0000 4183 | c102 4589 | 88cc 0000 | 0041 81e1 
  0x000001afcd94d3a4: feff 1f00 | 4585 c90f | 842d 0800 

  0x000001afcd94d3b0: ;   {metadata(method data for {method} {0x000001af8001b4e0} 'allowSecurityManager' '()Z' in 'java/lang/System')}
  0x000001afcd94d3b0: 0049 b828 | 3d03 e1af | 0100 0041 | ff80 1001 

  0x000001afcd94d3c0: ;   {metadata(method data for {method} {0x000001af8001b3c8} 'getSecurityManager' '()Ljava/lang/SecurityManager;' in 'java/lang/System')}
  0x000001afcd94d3c0: 0000 49b8 | b03b 03e1 | af01 0000 | 41ff 8020 

  0x000001afcd94d3d0: ;   {metadata(method data for {method} {0x000001af800692f8} 'findClassInModuleOrNull' '(Ljdk/internal/loader/BuiltinClassLoader$LoadedModule;Ljava/lang/String;)Ljava/lang/Class;' in 'jdk/internal/loader/BuiltinClassLoader')}
  0x000001afcd94d3d0: 0100 0049 | b8d8 8f09 | e1af 0100 | 0041 ff80 | 3001 0000 

  0x000001afcd94d3e4: ;   {metadata(method data for {method} {0x000001af800692f8} 'findClassInModuleOrNull' '(Ljdk/internal/loader/BuiltinClassLoader$LoadedModule;Ljava/lang/String;)Ljava/lang/Class;' in 'jdk/internal/loader/BuiltinClassLoader')}
  0x000001afcd94d3e4: 4c8b c249 | b9d8 8f09 | e1af 0100 | 0049 8381 | 4001 0000 | 014c 8b44 | 2470 4c8b | c848 8bf2 
  0x000001afcd94d404: ;   {optimized virtual_call}
  0x000001afcd94d404: 488b d6e8 

  0x000001afcd94d408: ; ImmutableOopMap {[104]=Oop [128]=Oop [168]=Oop }
                      ;*invokevirtual defineClass {reexecute=0 rethrow=0 return_oop=0}
                      ; - jdk.internal.loader.BuiltinClassLoader::findClassInModuleOrNull@9 (line 741)
                      ; - jdk.internal.loader.BuiltinClassLoader::loadClassOrNull@55 (line 665)
  0x000001afcd94d408: 7416 4f07 

  0x000001afcd94d40c: ;   {other}
  0x000001afcd94d40c: 0f1f 8400 | fc07 0004 

  0x000001afcd94d414: ;   {metadata(method data for {method} {0x000001af80068bc0} 'loadClassOrNull' '(Ljava/lang/String;Z)Ljava/lang/Class;' in 'jdk/internal/loader/BuiltinClassLoader')}
  0x000001afcd94d414: 49b8 6083 | 09e1 af01 | 0000 41ff | 80b8 0200 | 0048 8bf0 | e902 0100 | 0048 3b06 

  0x000001afcd94d430: ;   {metadata(method data for {method} {0x000001af80068bc0} 'loadClassOrNull' '(Ljava/lang/String;Z)Ljava/lang/Class;' in 'jdk/internal/loader/BuiltinClassLoader')}
  0x000001afcd94d430: 4c8b c649 | b960 8309 | e1af 0100 | 0049 8381 | d002 0000 

  0x000001afcd94d444: ;   {metadata(method data for {method} {0x000001af800693a8} 'loadClassOrNull' '(Ljava/lang/String;)Ljava/lang/Class;' in 'jdk/internal/loader/BuiltinClassLoader')}
  0x000001afcd94d444: 0149 b8c8 | 9709 e1af | 0100 0045 | 8b88 cc00 | 0000 4183 | c102 4589 | 88cc 0000 | 0041 81e1 
  0x000001afcd94d464: feff 1f00 | 4585 c90f | 8493 0700 | 004c 8bc6 

  0x000001afcd94d474: ;   {metadata(method data for {method} {0x000001af800693a8} 'loadClassOrNull' '(Ljava/lang/String;)Ljava/lang/Class;' in 'jdk/internal/loader/BuiltinClassLoader')}
  0x000001afcd94d474: 49b9 c897 | 09e1 af01 | 0000 458b | 4008 49ba | 0000 0080 | af01 0000 | 4d03 c24d | 3b81 2001 
  0x000001afcd94d494: 0000 750d | 4983 8128 | 0100 0001 | e960 0000 | 004d 3b81 | 3001 0000 | 750d 4983 | 8138 0100 
  0x000001afcd94d4b4: 0001 e94a | 0000 0049 | 83b9 2001 | 0000 0075 | 174d 8981 | 2001 0000 | 49c7 8128 | 0100 0001 
  0x000001afcd94d4d4: 0000 00e9 | 2900 0000 | 4983 b930 | 0100 0000 | 7517 4d89 | 8130 0100 | 0049 c781 | 3801 0000 
  0x000001afcd94d4f4: 0100 0000 | e908 0000 | 0049 8381 | 1001 0000 | 014c 8b44 | 2470 41b9 | 0000 0000 | 488b d666 
  0x000001afcd94d514: 9048 b8ff | ffff ffff 

  0x000001afcd94d51c: ;   {virtual_call}
  0x000001afcd94d51c: ffff ffe8 

  0x000001afcd94d520: ; ImmutableOopMap {[104]=Oop [128]=Oop [168]=Oop }
                      ;*invokevirtual loadClassOrNull {reexecute=0 rethrow=0 return_oop=0}
                      ; - jdk.internal.loader.BuiltinClassLoader::loadClassOrNull@3 (line 700)
                      ; - jdk.internal.loader.BuiltinClassLoader::loadClassOrNull@66 (line 669)
  0x000001afcd94d520: fcec 4e07 

  0x000001afcd94d524: ;   {other}
  0x000001afcd94d524: 0f1f 8400 | 1409 0005 

  0x000001afcd94d52c: ;   {metadata(method data for {method} {0x000001af80068bc0} 'loadClassOrNull' '(Ljava/lang/String;Z)Ljava/lang/Class;' in 'jdk/internal/loader/BuiltinClassLoader')}
  0x000001afcd94d52c: 488b f049 | b860 8309 | e1af 0100 | 0041 ff80 | 0803 0000 | e9c2 0300 | 008b 7254 

  0x000001afcd94d548: ;   {metadata(method data for {method} {0x000001af80068bc0} 'loadClassOrNull' '(Ljava/lang/String;Z)Ljava/lang/Class;' in 'jdk/internal/loader/BuiltinClassLoader')}
  0x000001afcd94d548: 4885 f649 | b860 8309 | e1af 0100 | 0049 c7c1 | 3003 0000 | 7507 49c7 | c120 0300 | 004b 8b3c 
  0x000001afcd94d568: 0848 8d7f | 014b 893c | 080f 850d | 0000 0048 | 8bb4 2488 | 0000 00e9 | 0301 0000 

  0x000001afcd94d584: ; implicit exception: dispatches to 0x000001afcd94dc25
  0x000001afcd94d584: 483b 064c 

  0x000001afcd94d588: ;   {metadata(method data for {method} {0x000001af80068bc0} 'loadClassOrNull' '(Ljava/lang/String;Z)Ljava/lang/Class;' in 'jdk/internal/loader/BuiltinClassLoader')}
  0x000001afcd94d588: 8bc6 49b9 | 6083 09e1 | af01 0000 | 4983 8140 | 0300 0001 

  0x000001afcd94d59c: ;   {metadata(method data for {method} {0x000001af800693a8} 'loadClassOrNull' '(Ljava/lang/String;)Ljava/lang/Class;' in 'jdk/internal/loader/BuiltinClassLoader')}
  0x000001afcd94d59c: 49b8 c897 | 09e1 af01 | 0000 458b | 88cc 0000 | 0041 83c1 | 0245 8988 | cc00 0000 | 4181 e1fe 
  0x000001afcd94d5bc: ff1f 0045 | 85c9 0f84 | 6206 0000 

  0x000001afcd94d5c8: ;   {metadata(method data for {method} {0x000001af800693a8} 'loadClassOrNull' '(Ljava/lang/String;)Ljava/lang/Class;' in 'jdk/internal/loader/BuiltinClassLoader')}
  0x000001afcd94d5c8: 4c8b c649 | b9c8 9709 | e1af 0100 | 0045 8b40 | 0849 ba00 | 0000 80af | 0100 004d | 03c2 4d3b 
  0x000001afcd94d5e8: 8120 0100 | 0075 0d49 | 8381 2801 | 0000 01e9 | 6000 0000 | 4d3b 8130 | 0100 0075 | 0d49 8381 
  0x000001afcd94d608: 3801 0000 | 01e9 4a00 | 0000 4983 | b920 0100 | 0000 7517 | 4d89 8120 | 0100 0049 | c781 2801 
  0x000001afcd94d628: 0000 0100 | 0000 e929 | 0000 0049 | 83b9 3001 | 0000 0075 | 174d 8981 | 3001 0000 | 49c7 8138 
  0x000001afcd94d648: 0100 0001 | 0000 00e9 | 0800 0000 | 4983 8110 | 0100 0001 | 4c8b 4424 | 7041 b900 | 0000 0048 
  0x000001afcd94d668: 8bd6 6666 | 9048 b808 | 9e06 80af 

  0x000001afcd94d674: ;   {virtual_call}
  0x000001afcd94d674: 0100 00e8 

  0x000001afcd94d678: ; ImmutableOopMap {[104]=Oop [112]=Oop [128]=Oop [168]=Oop }
                      ;*invokevirtual loadClassOrNull {reexecute=0 rethrow=0 return_oop=0}
                      ; - jdk.internal.loader.BuiltinClassLoader::loadClassOrNull@3 (line 700)
                      ; - jdk.internal.loader.BuiltinClassLoader::loadClassOrNull@86 (line 676)
  0x000001afcd94d678: 24ec 4e07 

  0x000001afcd94d67c: ;   {other}
  0x000001afcd94d67c: 0f1f 8400 | 6c0a 0006 | 488b f048 

  0x000001afcd94d688: ;   {metadata(method data for {method} {0x000001af80068bc0} 'loadClassOrNull' '(Ljava/lang/String;Z)Ljava/lang/Class;' in 'jdk/internal/loader/BuiltinClassLoader')}
  0x000001afcd94d688: 85f6 49b8 | 6083 09e1 | af01 0000 | 48c7 c278 | 0300 0075 | 0748 c7c2 | 8803 0000 | 498b 3c10 
  0x000001afcd94d6a8: 488d 7f01 | 4989 3c10 | 0f85 5102 | 0000 488b | 5424 684c 

  0x000001afcd94d6bc: ;   {metadata(method data for {method} {0x000001af80068bc0} 'loadClassOrNull' '(Ljava/lang/String;Z)Ljava/lang/Class;' in 'jdk/internal/loader/BuiltinClassLoader')}
  0x000001afcd94d6bc: 8bc2 48bf | 6083 09e1 | af01 0000 | 458b 4008 | 49ba 0000 | 0080 af01 | 0000 4d03 | c24c 3b87 
  0x000001afcd94d6dc: a803 0000 | 750d 4883 | 87b0 0300 | 0001 e960 | 0000 004c | 3b87 b803 | 0000 750d | 4883 87c0 
  0x000001afcd94d6fc: 0300 0001 | e94a 0000 | 0048 83bf | a803 0000 | 0075 174c | 8987 a803 | 0000 48c7 | 87b0 0300 
  0x000001afcd94d71c: 0001 0000 | 00e9 2900 | 0000 4883 | bfb8 0300 | 0000 7517 | 4c89 87b8 | 0300 0048 | c787 c003 
  0x000001afcd94d73c: 0000 0100 | 0000 e908 | 0000 0048 | 8387 9803 

  0x000001afcd94d74c: ;   {metadata(method data for {method} {0x000001af80068b68} 'hasClassPath' '()Z' in 'jdk/internal/loader/BuiltinClassLoader')}
  0x000001afcd94d74c: 0000 0149 | b858 9909 | e1af 0100 | 0041 8bb8 | cc00 0000 | 83c7 0241 | 89b8 cc00 | 0000 81e7 
  0x000001afcd94d76c: feff 1f00 | 85ff 0f84 | d304 0000 | 448b 4258 

  0x000001afcd94d77c: ;   {metadata(method data for {method} {0x000001af80068b68} 'hasClassPath' '()Z' in 'jdk/internal/loader/BuiltinClassLoader')}
  0x000001afcd94d77c: 4d85 c049 | b858 9909 | e1af 0100 | 0048 c7c7 | 1001 0000 | 7407 48c7 | c720 0100 | 0049 8b1c 
  0x000001afcd94d79c: 3848 8d5b | 0149 891c | 380f 841c 

  0x000001afcd94d7a8: ;   {metadata(method data for {method} {0x000001af80068b68} 'hasClassPath' '()Z' in 'jdk/internal/loader/BuiltinClassLoader')}
  0x000001afcd94d7a8: 0000 0049 | b858 9909 | e1af 0100 | 0041 ff80 | 3001 0000 | 41b8 0100 | 0000 e906 | 0000 0041 
  0x000001afcd94d7c8: b800 0000 | 0041 83e0 | 0145 85c0 

  0x000001afcd94d7d4: ;   {metadata(method data for {method} {0x000001af80068bc0} 'loadClassOrNull' '(Ljava/lang/String;Z)Ljava/lang/Class;' in 'jdk/internal/loader/BuiltinClassLoader')}
  0x000001afcd94d7d4: 49b8 6083 | 09e1 af01 | 0000 48c7 | c7d0 0300 | 0074 0748 | c7c7 e003 | 0000 498b | 1c38 488d 
  0x000001afcd94d7f4: 5b01 4989 | 1c38 0f84 | 0701 0000 

  0x000001afcd94d800: ;   {metadata(method data for {method} {0x000001af80068bc0} 'loadClassOrNull' '(Ljava/lang/String;Z)Ljava/lang/Class;' in 'jdk/internal/loader/BuiltinClassLoader')}
  0x000001afcd94d800: 49b8 6083 | 09e1 af01 | 0000 4983 | 80f0 0300 

  0x000001afcd94d810: ;   {metadata(method data for {method} {0x000001af804515c0} 'isModuleSystemInited' '()Z' in 'jdk/internal/misc/VM')}
  0x000001afcd94d810: 0001 49b8 | 788e 09e1 | af01 0000 | 418b b8cc | 0000 0083 | c702 4189 | b8cc 0000 | 0081 e7fe 
  0x000001afcd94d830: ff1f 0085 | ff0f 8431 

  0x000001afcd94d838: ;   {oop(a 'java/lang/Class'{0x00000000a6b0a540} = 'jdk/internal/misc/VM')}
  0x000001afcd94d838: 0400 0049 | b840 a5b0 | a600 0000 | 0045 8b80 | 9400 0000 | 4183 f802 

  0x000001afcd94d850: ;   {metadata(method data for {method} {0x000001af804515c0} 'isModuleSystemInited' '()Z' in 'jdk/internal/misc/VM')}
  0x000001afcd94d850: 49b8 788e | 09e1 af01 | 0000 48c7 | c710 0100 | 007c 0748 | c7c7 2001 | 0000 498b | 1c38 488d 
  0x000001afcd94d870: 5b01 4989 | 1c38 0f8c | 1c00 0000 

  0x000001afcd94d87c: ;   {metadata(method data for {method} {0x000001af804515c0} 'isModuleSystemInited' '()Z' in 'jdk/internal/misc/VM')}
  0x000001afcd94d87c: 49b8 788e | 09e1 af01 | 0000 41ff | 8030 0100 | 0041 b801 | 0000 00e9 | 0600 0000 | 41b8 0000 
  0x000001afcd94d89c: 0000 4183 | e001 4585 

  0x000001afcd94d8a4: ;   {metadata(method data for {method} {0x000001af80068bc0} 'loadClassOrNull' '(Ljava/lang/String;Z)Ljava/lang/Class;' in 'jdk/internal/loader/BuiltinClassLoader')}
  0x000001afcd94d8a4: c049 b860 | 8309 e1af | 0100 0048 | c7c7 0004 | 0000 7407 | 48c7 c710 | 0400 0049 | 8b1c 3848 
  0x000001afcd94d8c4: 8d5b 0149 | 891c 380f | 8436 0000 | 004c 8b44 | 2470 488b 

  0x000001afcd94d8d8: ;   {metadata(method data for {method} {0x000001af80068bc0} 'loadClassOrNull' '(Ljava/lang/String;Z)Ljava/lang/Class;' in 'jdk/internal/loader/BuiltinClassLoader')}
  0x000001afcd94d8d8: f248 bf60 | 8309 e1af | 0100 0048 | 8387 2004 | 0000 0148 | 8bf2 488b | d666 0f1f 

  0x000001afcd94d8f4: ;   {optimized virtual_call}
  0x000001afcd94d8f4: 4400 00e8 

  0x000001afcd94d8f8: ; ImmutableOopMap {[104]=Oop [128]=Oop [168]=Oop }
                      ;*invokevirtual findClassOnClassPathOrNull {reexecute=0 rethrow=0 return_oop=0}
                      ; - jdk.internal.loader.BuiltinClassLoader::loadClassOrNull@111 (line 681)
  0x000001afcd94d8f8: a504 0000 

  0x000001afcd94d8fc: ;   {other}
  0x000001afcd94d8fc: 0f1f 8400 | ec0c 0007 | 488b f044 | 8b4c 2478 

  0x000001afcd94d90c: ;   {metadata(method data for {method} {0x000001af80068bc0} 'loadClassOrNull' '(Ljava/lang/String;Z)Ljava/lang/Class;' in 'jdk/internal/loader/BuiltinClassLoader')}
  0x000001afcd94d90c: 4585 c948 | b860 8309 | e1af 0100 | 0048 c7c2 | 5804 0000 | 7407 48c7 | c268 0400 | 0048 8b3c 
  0x000001afcd94d92c: 1048 8d7f | 0148 893c | 100f 849c | 0000 0048 

  0x000001afcd94d93c: ;   {metadata(method data for {method} {0x000001af80068bc0} 'loadClassOrNull' '(Ljava/lang/String;Z)Ljava/lang/Class;' in 'jdk/internal/loader/BuiltinClassLoader')}
  0x000001afcd94d93c: 85f6 48b8 | 6083 09e1 | af01 0000 | 48c7 c278 | 0400 0074 | 0748 c7c2 | 8804 0000 | 488b 3c10 
  0x000001afcd94d95c: 488d 7f01 | 4889 3c10 | 0f84 6d00 | 0000 488b 

  0x000001afcd94d96c: ;   {metadata(method data for {method} {0x000001af80068bc0} 'loadClassOrNull' '(Ljava/lang/String;Z)Ljava/lang/Class;' in 'jdk/internal/loader/BuiltinClassLoader')}
  0x000001afcd94d96c: 5424 6848 | b860 8309 | e1af 0100 | 0048 8380 | 9804 0000 

  0x000001afcd94d980: ;   {metadata(method data for {method} {0x000001af804372d8} 'resolveClass' '(Ljava/lang/Class;)V' in 'java/lang/ClassLoader')}
  0x000001afcd94d980: 0148 b8c0 | 9d09 e1af | 0100 008b | 90cc 0000 | 0083 c202 | 8990 cc00 | 0000 81e2 | feff 1f00 
  0x000001afcd94d9a0: 85d2 0f84 | e502 0000 

  0x000001afcd94d9a8: ;   {metadata(method data for {method} {0x000001af804372d8} 'resolveClass' '(Ljava/lang/Class;)V' in 'java/lang/ClassLoader')}
  0x000001afcd94d9a8: 4885 f648 | b8c0 9d09 | e1af 0100 | 0048 c7c2 | 2001 0000 | 7407 48c7 | c210 0100 | 0048 8b3c 
  0x000001afcd94d9c8: 1048 8d7f | 0148 893c | 100f 8443 | 0000 0048 | 8d84 24a0 | 0000 0048 | 8b10 4885 | d20f 840f 
  0x000001afcd94d9e8: 0000 0048 | 8b78 08f0 | 480f b117 | 0f85 b402 | 0000 49ff | 8f48 0500 | 0048 8bc6 | 4881 c4c0 
  0x000001afcd94da08: 0000 005d 

  0x000001afcd94da0c: ;   {poll_return}
  0x000001afcd94da0c: 493b a748 | 0400 000f | 87ab 0200 | 00c3 4889 | b424 9800 | 0000 660f | 1f44 0000 

  0x000001afcd94da28: ;   {no_reloc}
  0x000001afcd94da28: e9bc 0200 | 0000 0000 | 0000 498b | 87b8 0100 | 0048 8d78 | 3049 3bbf | c801 0000 | 0f87 a902 
  0x000001afcd94da48: 0000 4989 | bfb8 0100 | 0048 c700 | 0100 0000 | 488b ca49 | ba00 0000 | 80af 0100 | 0049 2bca 
  0x000001afcd94da68: 8948 0848 | 33c9 8948 | 0c48 33c9 | 4889 4810 | 4889 4818 | 4889 4820 | 4889 4828 

  0x000001afcd94da84: ;   {metadata(method data for {method} {0x000001af804372d8} 'resolveClass' '(Ljava/lang/Class;)V' in 'java/lang/ClassLoader')}
  0x000001afcd94da84: 488b d048 | bec0 9d09 | e1af 0100 | 0048 8386 | 3001 0000 | 0148 8bd0 | 4889 8424 | 9000 0000 
  0x000001afcd94daa4: ;   {optimized virtual_call}
  0x000001afcd94daa4: 6666 90e8 

  0x000001afcd94daa8: ; ImmutableOopMap {[128]=Oop [144]=Oop [152]=Oop [168]=Oop }
                      ;*invokespecial <init> {reexecute=0 rethrow=0 return_oop=0}
                      ; - java.lang.ClassLoader::resolveClass@8 (line 1238)
                      ; - jdk.internal.loader.BuiltinClassLoader::loadClassOrNull@128 (line 688)
  0x000001afcd94daa8: d40f 4f07 

  0x000001afcd94daac: ;   {other}
  0x000001afcd94daac: 0f1f 8400 | 9c0e 0008 | 488b 8424 

  0x000001afcd94dab8: ; ImmutableOopMap {rax=Oop [128]=Oop [152]=Oop [168]=Oop }
                      ;*athrow {reexecute=1 rethrow=0 return_oop=0}
                      ; - (reexecute) java.lang.ClassLoader::resolveClass@11 (line 1238)
                      ; - jdk.internal.loader.BuiltinClassLoader::loadClassOrNull@128 (line 688)
  0x000001afcd94dab8: 9000 0000 

  0x000001afcd94dabc: ;   {section_word}
  0x000001afcd94dabc: 48ba bcda | 94cd af01 

  0x000001afcd94dac4: ;   {runtime_call handle_exception_nofpu Runtime1 stub}
  0x000001afcd94dac4: 0000 e8b5 | 565b 0790 | 498b 87f8 | 0400 004d | 33d2 4d89 | 97f8 0400 | 004d 33d2 | 4d89 9700 
  0x000001afcd94dae4: 0500 0048 | 8bf0 488d | 8424 a000 | 0000 488b | 3848 85ff | 0f84 0f00 | 0000 488b | 5808 f048 
  0x000001afcd94db04: 0fb1 3b0f | 85f3 0100 | 0049 ff8f | 4805 0000 | 488b c6e9 | 1702 0000 

  0x000001afcd94db1c: ;   {metadata({method} {0x000001af80068bc0} 'loadClassOrNull' '(Ljava/lang/String;Z)Ljava/lang/Class;' in 'jdk/internal/loader/BuiltinClassLoader')}
  0x000001afcd94db1c: 49ba b88b | 0680 af01 | 0000 4c89 | 5424 0848 | c704 24ff 

  0x000001afcd94db30: ;   {runtime_call counter_overflow Runtime1 stub}
  0x000001afcd94db30: ffff ffe8 

  0x000001afcd94db34: ; ImmutableOopMap {rdx=Oop r8=Oop [104]=Oop }
                      ;*synchronization entry
                      ; - jdk.internal.loader.BuiltinClassLoader::loadClassOrNull@-1 (line 651)
  0x000001afcd94db34: c8af 5b07 | e90e f4ff 

  0x000001afcd94db3c: ;   {runtime_call throw_null_pointer_exception Runtime1 stub}
  0x000001afcd94db3c: ffe8 be39 

  0x000001afcd94db40: ; ImmutableOopMap {rsi=Oop [104]=Oop [112]=Oop [128]=Oop }
                      ;*monitorenter {reexecute=0 rethrow=0 return_oop=0}
                      ; - jdk.internal.loader.BuiltinClassLoader::loadClassOrNull@7 (line 651)
  0x000001afcd94db40: 5b07 4889 | 7424 0848 

  0x000001afcd94db48: ;   {runtime_call monitorenter_nofpu Runtime1 stub}
  0x000001afcd94db48: 8914 24e8 

  0x000001afcd94db4c: ; ImmutableOopMap {rsi=Oop [104]=Oop [112]=Oop [128]=Oop [168]=Oop }
                      ;*monitorenter {reexecute=0 rethrow=0 return_oop=0}
                      ; - jdk.internal.loader.BuiltinClassLoader::loadClassOrNull@7 (line 651)
  0x000001afcd94db4c: b07b 5b07 | e9f4 f4ff 

  0x000001afcd94db54: ;   {metadata({method} {0x000001af80437388} 'findLoadedClass' '(Ljava/lang/String;)Ljava/lang/Class;' in 'java/lang/ClassLoader')}
  0x000001afcd94db54: ff49 ba80 | 7343 80af | 0100 004c | 8954 2408 | 48c7 0424 | ffff ffff 

  0x000001afcd94db6c: ;   {runtime_call counter_overflow Runtime1 stub}
  0x000001afcd94db6c: e88f af5b 

  0x000001afcd94db70: ; ImmutableOopMap {[104]=Oop [112]=Oop [128]=Oop [168]=Oop }
                      ;*synchronization entry
                      ; - java.lang.ClassLoader::findLoadedClass@-1 (line 1298)
                      ; - jdk.internal.loader.BuiltinClassLoader::loadClassOrNull@10 (line 653)
  0x000001afcd94db70: 07e9 11f5 

  0x000001afcd94db74: ;   {runtime_call throw_null_pointer_exception Runtime1 stub}
  0x000001afcd94db74: ffff e885 

  0x000001afcd94db78: ; ImmutableOopMap {rax=Oop rdx=Oop [104]=Oop [112]=Oop [128]=Oop [136]=Oop [168]=Oop }
                      ;*invokevirtual loader {reexecute=0 rethrow=0 return_oop=0}
                      ; - jdk.internal.loader.BuiltinClassLoader::loadClassOrNull@34 (line 662)
                      ;   {metadata({method} {0x000001af804515c0} 'isModuleSystemInited' '()Z' in 'jdk/internal/misc/VM')}
  0x000001afcd94db78: 395b 0749 | bab8 1545 | 80af 0100 | 004c 8954 | 2408 48c7 | 0424 ffff 

  0x000001afcd94db90: ;   {runtime_call counter_overflow Runtime1 stub}
  0x000001afcd94db90: ffff e869 

  0x000001afcd94db94: ; ImmutableOopMap {rax=Oop rdx=Oop [104]=Oop [112]=Oop [128]=Oop [136]=Oop [168]=Oop }
                      ;*synchronization entry
                      ; - jdk.internal.misc.VM::isModuleSystemInited@-1 (line 91)
                      ; - jdk.internal.loader.BuiltinClassLoader::loadClassOrNull@45 (line 664)
  0x000001afcd94db94: af5b 07e9 | b5f6 ffff 

  0x000001afcd94db9c: ;   {metadata({method} {0x000001af800692f8} 'findClassInModuleOrNull' '(Ljdk/internal/loader/BuiltinClassLoader$LoadedModule;Ljava/lang/String;)Ljava/lang/Class;' in 'jdk/internal/loader/BuiltinClassLoader')}
  0x000001afcd94db9c: 49ba f092 | 0680 af01 | 0000 4c89 | 5424 0848 | c704 24ff 

  0x000001afcd94dbb0: ;   {runtime_call counter_overflow Runtime1 stub}
  0x000001afcd94dbb0: ffff ffe8 

  0x000001afcd94dbb4: ; ImmutableOopMap {rdx=Oop rax=Oop [104]=Oop [112]=Oop [128]=Oop [168]=Oop }
                      ;*synchronization entry
                      ; - jdk.internal.loader.BuiltinClassLoader::findClassInModuleOrNull@-1 (line 740)
                      ; - jdk.internal.loader.BuiltinClassLoader::loadClassOrNull@55 (line 665)
  0x000001afcd94dbb4: 48af 5b07 | e978 f7ff 

  0x000001afcd94dbbc: ;   {metadata({method} {0x000001af8001b3c8} 'getSecurityManager' '()Ljava/lang/SecurityManager;' in 'java/lang/System')}
  0x000001afcd94dbbc: ff49 bac0 | b301 80af | 0100 004c | 8954 2408 | 48c7 0424 | ffff ffff 

  0x000001afcd94dbd4: ;   {runtime_call counter_overflow Runtime1 stub}
  0x000001afcd94dbd4: e827 af5b 

  0x000001afcd94dbd8: ; ImmutableOopMap {rdx=Oop rax=Oop [104]=Oop [112]=Oop [128]=Oop [168]=Oop }
                      ;*synchronization entry
                      ; - java.lang.System::getSecurityManager@-1 (line 504)
                      ; - jdk.internal.loader.BuiltinClassLoader::findClassInModuleOrNull@0 (line 740)
                      ; - jdk.internal.loader.BuiltinClassLoader::loadClassOrNull@55 (line 665)
  0x000001afcd94dbd8: 07e9 95f7 

  0x000001afcd94dbdc: ;   {metadata({method} {0x000001af8001b4e0} 'allowSecurityManager' '()Z' in 'java/lang/System')}
  0x000001afcd94dbdc: ffff 49ba | d8b4 0180 | af01 0000 | 4c89 5424 | 0848 c704 | 24ff ffff 

  0x000001afcd94dbf4: ;   {runtime_call counter_overflow Runtime1 stub}
  0x000001afcd94dbf4: ffe8 06af 

  0x000001afcd94dbf8: ; ImmutableOopMap {rdx=Oop rax=Oop [104]=Oop [112]=Oop [128]=Oop [168]=Oop }
                      ;*synchronization entry
                      ; - java.lang.System::allowSecurityManager@-1 (line 212)
                      ; - java.lang.System::getSecurityManager@0 (line 504)
                      ; - jdk.internal.loader.BuiltinClassLoader::findClassInModuleOrNull@0 (line 740)
                      ; - jdk.internal.loader.BuiltinClassLoader::loadClassOrNull@55 (line 665)
  0x000001afcd94dbf8: 5b07 e9b2 

  0x000001afcd94dbfc: ;   {runtime_call throw_null_pointer_exception Runtime1 stub}
  0x000001afcd94dbfc: f7ff ffe8 

  0x000001afcd94dc00: ; ImmutableOopMap {rsi=Oop [104]=Oop [112]=Oop [128]=Oop [168]=Oop }
                      ;*invokevirtual loadClassOrNull {reexecute=0 rethrow=0 return_oop=0}
                      ; - jdk.internal.loader.BuiltinClassLoader::loadClassOrNull@66 (line 669)
  0x000001afcd94dc00: fc38 5b07 

  0x000001afcd94dc04: ;   {metadata({method} {0x000001af800693a8} 'loadClassOrNull' '(Ljava/lang/String;)Ljava/lang/Class;' in 'jdk/internal/loader/BuiltinClassLoader')}
  0x000001afcd94dc04: 49ba a093 | 0680 af01 | 0000 4c89 | 5424 0848 | c704 24ff 

  0x000001afcd94dc18: ;   {runtime_call counter_overflow Runtime1 stub}
  0x000001afcd94dc18: ffff ffe8 

  0x000001afcd94dc1c: ; ImmutableOopMap {rsi=Oop [104]=Oop [112]=Oop [128]=Oop [168]=Oop }
                      ;*synchronization entry
                      ; - jdk.internal.loader.BuiltinClassLoader::loadClassOrNull@-1 (line 700)
                      ; - jdk.internal.loader.BuiltinClassLoader::loadClassOrNull@66 (line 669)
  0x000001afcd94dc1c: e0ae 5b07 | e94c f8ff 

  0x000001afcd94dc24: ;   {runtime_call throw_null_pointer_exception Runtime1 stub}
  0x000001afcd94dc24: ffe8 d638 

  0x000001afcd94dc28: ; ImmutableOopMap {rsi=Oop [104]=Oop [112]=Oop [128]=Oop [168]=Oop }
                      ;*invokevirtual loadClassOrNull {reexecute=0 rethrow=0 return_oop=0}
                      ; - jdk.internal.loader.BuiltinClassLoader::loadClassOrNull@86 (line 676)
                      ;   {metadata({method} {0x000001af800693a8} 'loadClassOrNull' '(Ljava/lang/String;)Ljava/lang/Class;' in 'jdk/internal/loader/BuiltinClassLoader')}
  0x000001afcd94dc28: 5b07 49ba | a093 0680 | af01 0000 | 4c89 5424 | 0848 c704 | 24ff ffff 

  0x000001afcd94dc40: ;   {runtime_call counter_overflow Runtime1 stub}
  0x000001afcd94dc40: ffe8 baae 

  0x000001afcd94dc44: ; ImmutableOopMap {rsi=Oop [104]=Oop [112]=Oop [128]=Oop [168]=Oop }
                      ;*synchronization entry
                      ; - jdk.internal.loader.BuiltinClassLoader::loadClassOrNull@-1 (line 700)
                      ; - jdk.internal.loader.BuiltinClassLoader::loadClassOrNull@86 (line 676)
  0x000001afcd94dc44: 5b07 e97d 

  0x000001afcd94dc48: ;   {metadata({method} {0x000001af80068b68} 'hasClassPath' '()Z' in 'jdk/internal/loader/BuiltinClassLoader')}
  0x000001afcd94dc48: f9ff ff49 | ba60 8b06 | 80af 0100 | 004c 8954 | 2408 48c7 | 0424 ffff 

  0x000001afcd94dc60: ;   {runtime_call counter_overflow Runtime1 stub}
  0x000001afcd94dc60: ffff e899 

  0x000001afcd94dc64: ; ImmutableOopMap {rdx=Oop rsi=Oop [104]=Oop [112]=Oop [128]=Oop [168]=Oop }
                      ;*synchronization entry
                      ; - jdk.internal.loader.BuiltinClassLoader::hasClassPath@-1 (line 223)
                      ; - jdk.internal.loader.BuiltinClassLoader::loadClassOrNull@97 (line 680)
  0x000001afcd94dc64: ae5b 07e9 | 0cfb ffff 

  0x000001afcd94dc6c: ;   {metadata({method} {0x000001af804515c0} 'isModuleSystemInited' '()Z' in 'jdk/internal/misc/VM')}
  0x000001afcd94dc6c: 49ba b815 | 4580 af01 | 0000 4c89 | 5424 0848 | c704 24ff 

  0x000001afcd94dc80: ;   {runtime_call counter_overflow Runtime1 stub}
  0x000001afcd94dc80: ffff ffe8 

  0x000001afcd94dc84: ; ImmutableOopMap {rdx=Oop rsi=Oop [104]=Oop [112]=Oop [128]=Oop [168]=Oop }
                      ;*synchronization entry
                      ; - jdk.internal.misc.VM::isModuleSystemInited@-1 (line 91)
                      ; - jdk.internal.loader.BuiltinClassLoader::loadClassOrNull@103 (line 680)
  0x000001afcd94dc84: 78ae 5b07 | e9ae fbff 

  0x000001afcd94dc8c: ;   {metadata({method} {0x000001af804372d8} 'resolveClass' '(Ljava/lang/Class;)V' in 'java/lang/ClassLoader')}
  0x000001afcd94dc8c: ff49 bad0 | 7243 80af | 0100 004c | 8954 2408 | 48c7 0424 | ffff ffff 

  0x000001afcd94dca4: ;   {runtime_call counter_overflow Runtime1 stub}
  0x000001afcd94dca4: e857 ae5b 

  0x000001afcd94dca8: ; ImmutableOopMap {rsi=Oop [128]=Oop [168]=Oop }
                      ;*synchronization entry
                      ; - java.lang.ClassLoader::resolveClass@-1 (line 1237)
                      ; - jdk.internal.loader.BuiltinClassLoader::loadClassOrNull@128 (line 688)
  0x000001afcd94dca8: 07e9 fafc | ffff 488d | 8424 a000 | 0000 4889 

  0x000001afcd94dcb8: ;   {runtime_call monitorexit_nofpu Runtime1 stub}
  0x000001afcd94dcb8: 0424 e8c1 | 845b 07e9 | 3dfd ffff 

  0x000001afcd94dcc4: ;   {internal_word}
  0x000001afcd94dcc4: 49ba 0cda | 94cd af01 | 0000 4d89 | 9760 0400 

  0x000001afcd94dcd4: ;   {runtime_call SafepointBlob}
  0x000001afcd94dcd4: 00e9 267a 

  0x000001afcd94dcd8: ;   {metadata(nullptr)}
  0x000001afcd94dcd8: 4f07 48ba | 0000 0000 | 0000 0000 | b800 0f05 

  0x000001afcd94dce8: ;   {runtime_call load_klass_patching Runtime1 stub}
  0x000001afcd94dce8: 0ae8 929d 

  0x000001afcd94dcec: ; ImmutableOopMap {[128]=Oop [152]=Oop [168]=Oop }
                      ;*new {reexecute=1 rethrow=0 return_oop=0}
                      ; - (reexecute) java.lang.ClassLoader::resolveClass@4 (line 1238)
                      ; - jdk.internal.loader.BuiltinClassLoader::loadClassOrNull@128 (line 688)
  0x000001afcd94dcec: 5b07 e935 | fdff ff48 

  0x000001afcd94dcf4: ;   {runtime_call fast_new_instance Runtime1 stub}
  0x000001afcd94dcf4: 8bd2 e805 

  0x000001afcd94dcf8: ; ImmutableOopMap {[128]=Oop [152]=Oop [168]=Oop }
                      ;*new {reexecute=0 rethrow=0 return_oop=0}
                      ; - java.lang.ClassLoader::resolveClass@4 (line 1238)
                      ; - jdk.internal.loader.BuiltinClassLoader::loadClassOrNull@128 (line 688)
  0x000001afcd94dcf8: 415b 07e9 | 84fd ffff | 488d 8424 | a000 0000 | 4889 0424 

  0x000001afcd94dd0c: ;   {runtime_call monitorexit_nofpu Runtime1 stub}
  0x000001afcd94dd0c: e86f 845b | 07e9 fefd | ffff 498b | 87f8 0400 | 0049 c787 | f804 0000 | 0000 0000 | 49c7 8700 
  0x000001afcd94dd2c: 0500 0000 | 0000 0048 | 81c4 c000 

  0x000001afcd94dd38: ;   {runtime_call unwind_exception Runtime1 stub}
  0x000001afcd94dd38: 0000 5de9 | 401f 5b07 
[Stub Code]
  0x000001afcd94dd40: ;   {no_reloc}
  0x000001afcd94dd40: 0f1f 4400 

  0x000001afcd94dd44: ;   {static_stub}
  0x000001afcd94dd44: 0048 bb00 | 4a01 80af 

  0x000001afcd94dd4c: ;   {runtime_call I2C/C2I adapters}
  0x000001afcd94dd4c: 0100 00e9 | 9364 4f07 

  0x000001afcd94dd54: ;   {static_stub}
  0x000001afcd94dd54: 9048 bb00 | 0000 0000 

  0x000001afcd94dd5c: ;   {runtime_call nmethod}
  0x000001afcd94dd5c: 0000 00e9 | fbff ffff 

  0x000001afcd94dd64: ;   {static_stub}
  0x000001afcd94dd64: 9048 bb00 | 0000 0000 

  0x000001afcd94dd6c: ;   {runtime_call nmethod}
  0x000001afcd94dd6c: 0000 00e9 | fbff ffff 

  0x000001afcd94dd74: ;   {static_stub}
  0x000001afcd94dd74: 48bb 0000 | 0000 0000 

  0x000001afcd94dd7c: ;   {runtime_call nmethod}
  0x000001afcd94dd7c: 0000 e9fb 

  0x000001afcd94dd80: ;   {static_stub}
  0x000001afcd94dd80: ffff ff48 | bbd8 8f06 | 80af 0100 

  0x000001afcd94dd8c: ;   {runtime_call I2C/C2I adapters}
  0x000001afcd94dd8c: 00e9 5564 

  0x000001afcd94dd90: ;   {static_stub}
  0x000001afcd94dd90: 4f07 48bb | 0000 0000 | 0000 0000 

  0x000001afcd94dd9c: ;   {runtime_call nmethod}
  0x000001afcd94dd9c: e9fb ffff 

  0x000001afcd94dda0: ;   {static_stub}
  0x000001afcd94dda0: ff48 bb48 | 9306 80af 

  0x000001afcd94dda8: ;   {runtime_call I2C/C2I adapters}
  0x000001afcd94dda8: 0100 00e9 | 3764 4f07 

  0x000001afcd94ddb0: ;   {static_stub}
  0x000001afcd94ddb0: 48bb 0000 | 0000 0000 

  0x000001afcd94ddb8: ;   {runtime_call nmethod}
  0x000001afcd94ddb8: 0000 e9fb 

  0x000001afcd94ddbc: ;   {static_stub}
  0x000001afcd94ddbc: ffff ff48 | bb00 0000 | 0000 0000 

  0x000001afcd94ddc8: ;   {runtime_call nmethod}
  0x000001afcd94ddc8: 00e9 fbff 

  0x000001afcd94ddcc: ;   {runtime_call handle_exception_from_callee Runtime1 stub}
  0x000001afcd94ddcc: ffff e8ad 

  0x000001afcd94ddd0: ;   {external_word}
  0x000001afcd94ddd0: 625b 0748 | b990 e22b | a3fe 7f00 | 0048 83e4 

  0x000001afcd94dde0: ;   {runtime_call}
  0x000001afcd94dde0: f048 b810 | 79ee a2fe | 7f00 00ff 

  0x000001afcd94ddec: ;   {section_word}
  0x000001afcd94ddec: d0f4 49ba | eedd 94cd | af01 0000 

  0x000001afcd94ddf8: ;   {runtime_call DeoptimizationBlob}
  0x000001afcd94ddf8: 4152 e9a1 | 6b4f 07f4 
[/MachCode]


Compiled method (c1) 1301  690       3       jdk.internal.loader.ClassLoaders$AppClassLoader::loadClass (40 bytes)
 total in heap  [0x000001afcd9c7890,0x000001afcd9c7ff8] = 1896
 relocation     [0x000001afcd9c79f0,0x000001afcd9c7a68] = 120
 main code      [0x000001afcd9c7a80,0x000001afcd9c7e28] = 936
 stub code      [0x000001afcd9c7e28,0x000001afcd9c7e80] = 88
 metadata       [0x000001afcd9c7e80,0x000001afcd9c7eb8] = 56
 scopes data    [0x000001afcd9c7eb8,0x000001afcd9c7f40] = 136
 scopes pcs     [0x000001afcd9c7f40,0x000001afcd9c7fe0] = 160
 dependencies   [0x000001afcd9c7fe0,0x000001afcd9c7fe8] = 8
 nul chk table  [0x000001afcd9c7fe8,0x000001afcd9c7ff8] = 16

[Constant Pool (empty)]

[MachCode]
[Entry Point]
  # {method} {0x000001af800698c0} 'loadClass' '(Ljava/lang/String;Z)Ljava/lang/Class;' in 'jdk/internal/loader/ClassLoaders$AppClassLoader'
  # this:     rdx:rdx   = 'jdk/internal/loader/ClassLoaders$AppClassLoader'
  # parm0:    r8:r8     = 'java/lang/String'
  # parm1:    r9        = boolean
  #           [sp+0x80]  (sp of caller)
  0x000001afcd9c7a80: 448b 5208 | 49bb 0000 | 0080 af01 | 0000 4d03 | d34c 3bd0 

  0x000001afcd9c7a94: ;   {runtime_call ic_miss_stub}
  0x000001afcd9c7a94: 0f85 e66c | 4707 660f | 1f44 0000 
[Verified Entry Point]
  0x000001afcd9c7aa0: 8984 2400 | 80ff ff55 | 4883 ec70 | 4181 7f20 | 0100 0000 

  0x000001afcd9c7ab4: ;   {runtime_call StubRoutines (final stubs)}
  0x000001afcd9c7ab4: 7405 e8a5 

  0x000001afcd9c7ab8: ;   {metadata(method data for {method} {0x000001af800698c0} 'loadClass' '(Ljava/lang/String;Z)Ljava/lang/Class;' in 'jdk/internal/loader/ClassLoaders$AppClassLoader')}
  0x000001afcd9c7ab8: d245 0748 | bef0 450e | e1af 0100 | 008b becc | 0000 0083 | c702 89be | cc00 0000 | 81e7 fe07 
  0x000001afcd9c7ad8: 0000 85ff | 0f84 6c02 

  0x000001afcd9c7ae0: ;   {metadata(method data for {method} {0x000001af800698c0} 'loadClass' '(Ljava/lang/String;Z)Ljava/lang/Class;' in 'jdk/internal/loader/ClassLoaders$AppClassLoader')}
  0x000001afcd9c7ae0: 0000 48be | f045 0ee1 | af01 0000 | 4883 8610 | 0100 0001 

  0x000001afcd9c7af4: ;   {metadata(method data for {method} {0x000001af8001b3c8} 'getSecurityManager' '()Ljava/lang/SecurityManager;' in 'java/lang/System')}
  0x000001afcd9c7af4: 48be b03b | 03e1 af01 | 0000 8bbe | cc00 0000 | 83c7 0289 | becc 0000 | 0081 e7fe | ff1f 0085 
  0x000001afcd9c7b14: ff0f 8454 

  0x000001afcd9c7b18: ;   {metadata(method data for {method} {0x000001af8001b3c8} 'getSecurityManager' '()Ljava/lang/SecurityManager;' in 'java/lang/System')}
  0x000001afcd9c7b18: 0200 0048 | beb0 3b03 | e1af 0100 | 0048 8386 | 1001 0000 

  0x000001afcd9c7b2c: ;   {metadata(method data for {method} {0x000001af8001b4e0} 'allowSecurityManager' '()Z' in 'java/lang/System')}
  0x000001afcd9c7b2c: 0148 be28 | 3d03 e1af | 0100 008b | becc 0000 | 0083 c702 | 89be cc00 | 0000 81e7 | feff 1f00 
  0x000001afcd9c7b4c: 85ff 0f84 | 3c02 0000 

  0x000001afcd9c7b54: ;   {metadata(method data for {method} {0x000001af8001b4e0} 'allowSecurityManager' '()Z' in 'java/lang/System')}
  0x000001afcd9c7b54: 48be 283d | 03e1 af01 | 0000 ff86 | 1001 0000 

  0x000001afcd9c7b64: ;   {metadata(method data for {method} {0x000001af8001b3c8} 'getSecurityManager' '()Ljava/lang/SecurityManager;' in 'java/lang/System')}
  0x000001afcd9c7b64: 48be b03b | 03e1 af01 | 0000 ff86 | 2001 0000 

  0x000001afcd9c7b74: ;   {metadata(method data for {method} {0x000001af800698c0} 'loadClass' '(Ljava/lang/String;Z)Ljava/lang/Class;' in 'jdk/internal/loader/ClassLoaders$AppClassLoader')}
  0x000001afcd9c7b74: 48be f045 | 0ee1 af01 | 0000 ff86 | 2001 0000 

  0x000001afcd9c7b84: ;   {metadata(method data for {method} {0x000001af800698c0} 'loadClass' '(Ljava/lang/String;Z)Ljava/lang/Class;' in 'jdk/internal/loader/ClassLoaders$AppClassLoader')}
  0x000001afcd9c7b84: 488b f248 | bff0 450e | e1af 0100 | 0048 8387 | 0802 0000 

  0x000001afcd9c7b98: ;   {metadata(method data for {method} {0x000001af800671b8} 'loadClass' '(Ljava/lang/String;Z)Ljava/lang/Class;' in 'jdk/internal/loader/BuiltinClassLoader')}
  0x000001afcd9c7b98: 0148 be58 | 480e e1af | 0100 008b | becc 0000 | 0083 c702 | 89be cc00 | 0000 81e7 | feff 1f00 
  0x000001afcd9c7bb8: 85ff 0f84 | f101 0000 

  0x000001afcd9c7bc0: ;   {metadata(method data for {method} {0x000001af800671b8} 'loadClass' '(Ljava/lang/String;Z)Ljava/lang/Class;' in 'jdk/internal/loader/BuiltinClassLoader')}
  0x000001afcd9c7bc0: 488b f248 | bf58 480e | e1af 0100 | 008b 7608 | 49ba 0000 | 0080 af01 | 0000 4903 | f248 3bb7 
  0x000001afcd9c7be0: 2001 0000 | 750d 4883 | 8728 0100 | 0001 e960 | 0000 0048 | 3bb7 3001 | 0000 750d | 4883 8738 
  0x000001afcd9c7c00: 0100 0001 | e94a 0000 | 0048 83bf | 2001 0000 | 0075 1748 | 89b7 2001 | 0000 48c7 | 8728 0100 
  0x000001afcd9c7c20: 0001 0000 | 00e9 2900 | 0000 4883 | bf30 0100 | 0000 7517 | 4889 b730 | 0100 0048 | c787 3801 
  0x000001afcd9c7c40: 0000 0100 | 0000 e908 | 0000 0048 | 8387 1001 | 0000 0149 | 8bf0 4c8b | c648 8974 

  0x000001afcd9c7c5c: ;   {optimized virtual_call}
  0x000001afcd9c7c5c: 2450 90e8 

  0x000001afcd9c7c60: ; ImmutableOopMap {[80]=Oop }
                      ;*invokevirtual loadClassOrNull {reexecute=0 rethrow=0 return_oop=0}
                      ; - jdk.internal.loader.BuiltinClassLoader::loadClass@3 (line 639)
                      ; - jdk.internal.loader.ClassLoaders$AppClassLoader::loadClass@36 (line 188)
  0x000001afcd9c7c60: 9c52 f8ff 

  0x000001afcd9c7c64: ;   {other}
  0x000001afcd9c7c64: 0f1f 8400 | d403 0000 

  0x000001afcd9c7c6c: ;   {metadata(method data for {method} {0x000001af800671b8} 'loadClass' '(Ljava/lang/String;Z)Ljava/lang/Class;' in 'jdk/internal/loader/BuiltinClassLoader')}
  0x000001afcd9c7c6c: 4885 c048 | ba58 480e | e1af 0100 | 0048 c7c6 | 5801 0000 | 7407 48c7 | c648 0100 | 0048 8b3c 
  0x000001afcd9c7c8c: 3248 8d7f | 0148 893c | 320f 8413 | 0000 0048 | 83c4 705d 

  0x000001afcd9c7ca0: ;   {poll_return}
  0x000001afcd9c7ca0: 493b a748 | 0400 000f | 8725 0100 | 00c3 4c8b 

  0x000001afcd9c7cb0: ;   {metadata('java/lang/ClassNotFoundException')}
  0x000001afcd9c7cb0: 4424 5048 | ba98 ae06 | 80af 0100 | 0080 ba31 | 0100 0004 | 0f85 2301 | 0000 498b | 87b8 0100 
  0x000001afcd9c7cd0: 0048 8d78 | 2849 3bbf | c801 0000 | 0f87 0b01 | 0000 4989 | bfb8 0100 | 0048 c700 | 0100 0000 
  0x000001afcd9c7cf0: 488b ca49 | ba00 0000 | 80af 0100 | 0049 2bca | 8948 0848 | 33c9 8948 | 0c48 33c9 | 4889 4810 
  0x000001afcd9c7d10: 4889 4818 | 4889 4820 

  0x000001afcd9c7d18: ;   {metadata(method data for {method} {0x000001af800671b8} 'loadClass' '(Ljava/lang/String;Z)Ljava/lang/Class;' in 'jdk/internal/loader/BuiltinClassLoader')}
  0x000001afcd9c7d18: 488b d048 | be58 480e | e1af 0100 | 0048 8386 | 6801 0000 | 0148 8bd0 | 4889 4424 

  0x000001afcd9c7d34: ;   {optimized virtual_call}
  0x000001afcd9c7d34: 5866 90e8 

  0x000001afcd9c7d38: ; ImmutableOopMap {[88]=Oop }
                      ;*invokespecial <init> {reexecute=0 rethrow=0 return_oop=0}
                      ; - jdk.internal.loader.BuiltinClassLoader::loadClass@16 (line 641)
                      ; - jdk.internal.loader.ClassLoaders$AppClassLoader::loadClass@36 (line 188)
  0x000001afcd9c7d38: 0101 0000 

  0x000001afcd9c7d3c: ;   {other}
  0x000001afcd9c7d3c: 0f1f 8400 | ac04 0001 | 488b 4424 | 58e9 c900 

  0x000001afcd9c7d4c: ;   {metadata({method} {0x000001af800698c0} 'loadClass' '(Ljava/lang/String;Z)Ljava/lang/Class;' in 'jdk/internal/loader/ClassLoaders$AppClassLoader')}
  0x000001afcd9c7d4c: 0000 49ba | b898 0680 | af01 0000 | 4c89 5424 | 0848 c704 | 24ff ffff 

  0x000001afcd9c7d64: ;   {runtime_call counter_overflow Runtime1 stub}
  0x000001afcd9c7d64: ffe8 960d 

  0x000001afcd9c7d68: ; ImmutableOopMap {rdx=Oop r8=Oop }
                      ;*synchronization entry
                      ; - jdk.internal.loader.ClassLoaders$AppClassLoader::loadClass@-1 (line 180)
  0x000001afcd9c7d68: 5407 e973 

  0x000001afcd9c7d6c: ;   {metadata({method} {0x000001af8001b3c8} 'getSecurityManager' '()Ljava/lang/SecurityManager;' in 'java/lang/System')}
  0x000001afcd9c7d6c: fdff ff49 | bac0 b301 | 80af 0100 | 004c 8954 | 2408 48c7 | 0424 ffff 

  0x000001afcd9c7d84: ;   {runtime_call counter_overflow Runtime1 stub}
  0x000001afcd9c7d84: ffff e875 

  0x000001afcd9c7d88: ; ImmutableOopMap {rdx=Oop r8=Oop }
                      ;*synchronization entry
                      ; - java.lang.System::getSecurityManager@-1 (line 504)
                      ; - jdk.internal.loader.ClassLoaders$AppClassLoader::loadClass@0 (line 180)
  0x000001afcd9c7d88: 0d54 07e9 | 8bfd ffff 

  0x000001afcd9c7d90: ;   {metadata({method} {0x000001af8001b4e0} 'allowSecurityManager' '()Z' in 'java/lang/System')}
  0x000001afcd9c7d90: 49ba d8b4 | 0180 af01 | 0000 4c89 | 5424 0848 | c704 24ff 

  0x000001afcd9c7da4: ;   {runtime_call counter_overflow Runtime1 stub}
  0x000001afcd9c7da4: ffff ffe8 

  0x000001afcd9c7da8: ; ImmutableOopMap {rdx=Oop r8=Oop }
                      ;*synchronization entry
                      ; - java.lang.System::allowSecurityManager@-1 (line 212)
                      ; - java.lang.System::getSecurityManager@0 (line 504)
                      ; - jdk.internal.loader.ClassLoaders$AppClassLoader::loadClass@0 (line 180)
  0x000001afcd9c7da8: 540d 5407 | e9a3 fdff 

  0x000001afcd9c7db0: ;   {metadata({method} {0x000001af800671b8} 'loadClass' '(Ljava/lang/String;Z)Ljava/lang/Class;' in 'jdk/internal/loader/BuiltinClassLoader')}
  0x000001afcd9c7db0: ff49 bab0 | 7106 80af | 0100 004c | 8954 2408 | 48c7 0424 | ffff ffff 

  0x000001afcd9c7dc8: ;   {runtime_call counter_overflow Runtime1 stub}
  0x000001afcd9c7dc8: e833 0d54 

  0x000001afcd9c7dcc: ; ImmutableOopMap {rdx=Oop r8=Oop }
                      ;*synchronization entry
                      ; - jdk.internal.loader.BuiltinClassLoader::loadClass@-1 (line 639)
                      ; - jdk.internal.loader.ClassLoaders$AppClassLoader::loadClass@36 (line 188)
  0x000001afcd9c7dcc: 07e9 eefd 

  0x000001afcd9c7dd0: ;   {internal_word}
  0x000001afcd9c7dd0: ffff 49ba | a07c 9ccd | af01 0000 | 4d89 9760 

  0x000001afcd9c7de0: ;   {runtime_call SafepointBlob}
  0x000001afcd9c7de0: 0400 00e9 | 18d9 4707 

  0x000001afcd9c7de8: ;   {runtime_call throw_null_pointer_exception Runtime1 stub}
  0x000001afcd9c7de8: e813 9753 

  0x000001afcd9c7dec: ; ImmutableOopMap {r8=Oop }
                      ;*new {reexecute=0 rethrow=0 return_oop=0}
                      ; - jdk.internal.loader.BuiltinClassLoader::loadClass@11 (line 641)
                      ; - jdk.internal.loader.ClassLoaders$AppClassLoader::loadClass@36 (line 188)
  0x000001afcd9c7dec: 0748 8bd2 

  0x000001afcd9c7df0: ;   {runtime_call fast_new_instance_init_check Runtime1 stub}
  0x000001afcd9c7df0: e80b a353 

  0x000001afcd9c7df4: ; ImmutableOopMap {r8=Oop }
                      ;*new {reexecute=0 rethrow=0 return_oop=0}
                      ; - jdk.internal.loader.BuiltinClassLoader::loadClass@11 (line 641)
                      ; - jdk.internal.loader.ClassLoaders$AppClassLoader::loadClass@36 (line 188)
  0x000001afcd9c7df4: 07e9 1eff | ffff 498b | 87f8 0400 | 0049 c787 | f804 0000 | 0000 0000 | 49c7 8700 | 0500 0000 
  0x000001afcd9c7e14: 0000 0048 | 83c4 705d 

  0x000001afcd9c7e1c: ;   {runtime_call unwind_exception Runtime1 stub}
  0x000001afcd9c7e1c: e95f 7e53 | 07f4 f4f4 | f4f4 f4f4 
[Stub Code]
  0x000001afcd9c7e28: ;   {no_reloc}
  0x000001afcd9c7e28: 0f1f 4400 

  0x000001afcd9c7e2c: ;   {static_stub}
  0x000001afcd9c7e2c: 0048 bb00 | 0000 0000 

  0x000001afcd9c7e34: ;   {runtime_call nmethod}
  0x000001afcd9c7e34: 0000 00e9 | fbff ffff 

  0x000001afcd9c7e3c: ;   {static_stub}
  0x000001afcd9c7e3c: 9048 bb00 | b406 80af 

  0x000001afcd9c7e44: ;   {runtime_call I2C/C2I adapters}
  0x000001afcd9c7e44: 0100 00e9 | 9bc3 4707 
[Exception Handler]
  0x000001afcd9c7e4c: ;   {runtime_call handle_exception_from_callee Runtime1 stub}
  0x000001afcd9c7e4c: e82f c253 

  0x000001afcd9c7e50: ;   {external_word}
  0x000001afcd9c7e50: 0748 b990 | e22b a3fe | 7f00 0048 

  0x000001afcd9c7e5c: ;   {runtime_call}
  0x000001afcd9c7e5c: 83e4 f048 | b810 79ee | a2fe 7f00 | 00ff d0f4 
[Deopt Handler Code]
  0x000001afcd9c7e6c: ;   {section_word}
  0x000001afcd9c7e6c: 49ba 6c7e | 9ccd af01 | 0000 4152 

  0x000001afcd9c7e78: ;   {runtime_call DeoptimizationBlob}
  0x000001afcd9c7e78: e923 cb47 | 07f4 f4f4 
[/MachCode]


---------------  P R O C E S S  ---------------

Threads class SMR info:
_java_thread_list=0x000001afe0c5d560, length=11, elements={
0x000001afc2f11450, 0x000001afe0b2d600, 0x000001afe0b2e510, 0x000001afe0b31f30,
0x000001afe0b34990, 0x000001afe0b38a70, 0x000001afe0b3caf0, 0x000001afe0b3f020,
0x000001afe0b42260, 0x000001afe0c8cca0, 0x000001afe0c970b0
}

Java Threads: ( => current thread )
=>0x000001afc2f11450 JavaThread "main"                              [_thread_in_vm, id=17936, stack(0x0000000d30b00000,0x0000000d30c00000) (1024K)]
  0x000001afe0b2d600 JavaThread "Reference Handler"          daemon [_thread_blocked, id=14536, stack(0x0000000d31300000,0x0000000d31400000) (1024K)]
  0x000001afe0b2e510 JavaThread "Finalizer"                  daemon [_thread_blocked, id=16684, stack(0x0000000d31400000,0x0000000d31500000) (1024K)]
  0x000001afe0b31f30 JavaThread "Signal Dispatcher"          daemon [_thread_blocked, id=15524, stack(0x0000000d31500000,0x0000000d31600000) (1024K)]
  0x000001afe0b34990 JavaThread "Attach Listener"            daemon [_thread_blocked, id=15164, stack(0x0000000d31600000,0x0000000d31700000) (1024K)]
  0x000001afe0b38a70 JavaThread "Service Thread"             daemon [_thread_blocked, id=21148, stack(0x0000000d31700000,0x0000000d31800000) (1024K)]
  0x000001afe0b3caf0 JavaThread "Monitor Deflation Thread"   daemon [_thread_blocked, id=18568, stack(0x0000000d31800000,0x0000000d31900000) (1024K)]
  0x000001afe0b3f020 JavaThread "C2 CompilerThread0"         daemon [_thread_blocked, id=5496, stack(0x0000000d31900000,0x0000000d31a00000) (1024K)]
  0x000001afe0b42260 JavaThread "C1 CompilerThread0"         daemon [_thread_blocked, id=13472, stack(0x0000000d31a00000,0x0000000d31b00000) (1024K)]
  0x000001afe0c8cca0 JavaThread "Notification Thread"        daemon [_thread_blocked, id=14012, stack(0x0000000d31b00000,0x0000000d31c00000) (1024K)]
  0x000001afe0c970b0 JavaThread "Common-Cleaner"             daemon [_thread_blocked, id=16988, stack(0x0000000d31c00000,0x0000000d31d00000) (1024K)]
Total: 11

Other Threads:
  0x000001afe0b16430 VMThread "VM Thread"                           [id=13832, stack(0x0000000d31200000,0x0000000d31300000) (1024K)]
  0x000001afe0afffd0 WatcherThread "VM Periodic Task Thread"        [id=14160, stack(0x0000000d31100000,0x0000000d31200000) (1024K)]
  0x000001afc5210b80 WorkerThread "GC Thread#0"                     [id=15988, stack(0x0000000d30c00000,0x0000000d30d00000) (1024K)]
  0x000001afc521d9e0 ConcurrentGCThread "G1 Main Marker"            [id=10676, stack(0x0000000d30d00000,0x0000000d30e00000) (1024K)]
  0x000001afc521ee30 WorkerThread "G1 Conc#0"                       [id=336, stack(0x0000000d30e00000,0x0000000d30f00000) (1024K)]
  0x000001afc527d3c0 ConcurrentGCThread "G1 Refine#0"               [id=21144, stack(0x0000000d30f00000,0x0000000d31000000) (1024K)]
  0x000001afc527df30 ConcurrentGCThread "G1 Service"                [id=21432, stack(0x0000000d31000000,0x0000000d31100000) (1024K)]
Total: 7

Threads with active compile tasks:
Total: 0

VM state: not at safepoint (normal execution)

VM Mutex/Monitor currently owned by a thread:  ([mutex/lock_event])
[0x00007ffea3573458] Metaspace_lock - owner thread: 0x000001afc2f11450

Heap address: 0x00000000a0c00000, size: 1524 MB, Compressed Oops mode: 32-bit

CDS archive(s) mapped at: [0x000001af80000000-0x000001af80c80000-0x000001af80c80000), size 13107200, SharedBaseAddress: 0x000001af80000000, ArchiveRelocationMode: 1.
Compressed class space mapped at: 0x000001af81000000-0x000001afc1000000, reserved size: 1073741824
Narrow klass base: 0x000001af80000000, Narrow klass shift: 0, Narrow klass range: 0x100000000

GC Precious Log:
 CardTable entry size: 512
 Card Set container configuration: InlinePtr #cards 5 size 8 Array Of Cards #cards 12 size 40 Howl #buckets 4 coarsen threshold 1843 Howl Bitmap #cards 512 size 80 coarsen threshold 460 Card regions per heap region 1 cards per card region 2048
 CPUs: 4 total, 4 available
 Memory: 6094M
 Large Page Support: Disabled
 NUMA Support: Disabled
 Compressed Oops: Enabled (32-bit)
 Heap Region Size: 1M
 Heap Min Capacity: 8M
 Heap Initial Capacity: 96M
 Heap Max Capacity: 1524M
 Pre-touch: Disabled
 Parallel Workers: 4
 Concurrent Workers: 1
 Concurrent Refinement Workers: 4
 Periodic GC: Disabled

Heap:
 garbage-first heap   total 98304K, used 12288K [0x00000000a0c00000, 0x0000000100000000)
  region size 1024K, 11 young (11264K), 0 survivors (0K)
 Metaspace       used 2073K, committed 2240K, reserved 1114112K
  class space    used 202K, committed 320K, reserved 1048576K

Heap Regions: E=young(eden), S=young(survivor), O=old, HS=humongous(starts), HC=humongous(continues), CS=collection set, F=free, TAMS=top-at-mark-start, PB=parsable bottom
|   0|0x00000000a0c00000, 0x00000000a0d00000, 0x00000000a0d00000|100%|HS|  |TAMS 0x00000000a0c00000| PB 0x00000000a0c00000| Complete 
|   1|0x00000000a0d00000, 0x00000000a0e00000, 0x00000000a0e00000|100%|HS|  |TAMS 0x00000000a0d00000| PB 0x00000000a0d00000| Complete 
|   2|0x00000000a0e00000, 0x00000000a0e00000, 0x00000000a0f00000|  0%| F|  |TAMS 0x00000000a0e00000| PB 0x00000000a0e00000| Untracked 
|   3|0x00000000a0f00000, 0x00000000a0f00000, 0x00000000a1000000|  0%| F|  |TAMS 0x00000000a0f00000| PB 0x00000000a0f00000| Untracked 
|   4|0x00000000a1000000, 0x00000000a1000000, 0x00000000a1100000|  0%| F|  |TAMS 0x00000000a1000000| PB 0x00000000a1000000| Untracked 
|   5|0x00000000a1100000, 0x00000000a1100000, 0x00000000a1200000|  0%| F|  |TAMS 0x00000000a1100000| PB 0x00000000a1100000| Untracked 
|   6|0x00000000a1200000, 0x00000000a1200000, 0x00000000a1300000|  0%| F|  |TAMS 0x00000000a1200000| PB 0x00000000a1200000| Untracked 
|   7|0x00000000a1300000, 0x00000000a1300000, 0x00000000a1400000|  0%| F|  |TAMS 0x00000000a1300000| PB 0x00000000a1300000| Untracked 
|   8|0x00000000a1400000, 0x00000000a1400000, 0x00000000a1500000|  0%| F|  |TAMS 0x00000000a1400000| PB 0x00000000a1400000| Untracked 
|   9|0x00000000a1500000, 0x00000000a1500000, 0x00000000a1600000|  0%| F|  |TAMS 0x00000000a1500000| PB 0x00000000a1500000| Untracked 
|  10|0x00000000a1600000, 0x00000000a1600000, 0x00000000a1700000|  0%| F|  |TAMS 0x00000000a1600000| PB 0x00000000a1600000| Untracked 
|  11|0x00000000a1700000, 0x00000000a1700000, 0x00000000a1800000|  0%| F|  |TAMS 0x00000000a1700000| PB 0x00000000a1700000| Untracked 
|  12|0x00000000a1800000, 0x00000000a1800000, 0x00000000a1900000|  0%| F|  |TAMS 0x00000000a1800000| PB 0x00000000a1800000| Untracked 
|  13|0x00000000a1900000, 0x00000000a1900000, 0x00000000a1a00000|  0%| F|  |TAMS 0x00000000a1900000| PB 0x00000000a1900000| Untracked 
|  14|0x00000000a1a00000, 0x00000000a1a00000, 0x00000000a1b00000|  0%| F|  |TAMS 0x00000000a1a00000| PB 0x00000000a1a00000| Untracked 
|  15|0x00000000a1b00000, 0x00000000a1b00000, 0x00000000a1c00000|  0%| F|  |TAMS 0x00000000a1b00000| PB 0x00000000a1b00000| Untracked 
|  16|0x00000000a1c00000, 0x00000000a1c00000, 0x00000000a1d00000|  0%| F|  |TAMS 0x00000000a1c00000| PB 0x00000000a1c00000| Untracked 
|  17|0x00000000a1d00000, 0x00000000a1d00000, 0x00000000a1e00000|  0%| F|  |TAMS 0x00000000a1d00000| PB 0x00000000a1d00000| Untracked 
|  18|0x00000000a1e00000, 0x00000000a1e00000, 0x00000000a1f00000|  0%| F|  |TAMS 0x00000000a1e00000| PB 0x00000000a1e00000| Untracked 
|  19|0x00000000a1f00000, 0x00000000a1f00000, 0x00000000a2000000|  0%| F|  |TAMS 0x00000000a1f00000| PB 0x00000000a1f00000| Untracked 
|  20|0x00000000a2000000, 0x00000000a2000000, 0x00000000a2100000|  0%| F|  |TAMS 0x00000000a2000000| PB 0x00000000a2000000| Untracked 
|  21|0x00000000a2100000, 0x00000000a2100000, 0x00000000a2200000|  0%| F|  |TAMS 0x00000000a2100000| PB 0x00000000a2100000| Untracked 
|  22|0x00000000a2200000, 0x00000000a2200000, 0x00000000a2300000|  0%| F|  |TAMS 0x00000000a2200000| PB 0x00000000a2200000| Untracked 
|  23|0x00000000a2300000, 0x00000000a2300000, 0x00000000a2400000|  0%| F|  |TAMS 0x00000000a2300000| PB 0x00000000a2300000| Untracked 
|  24|0x00000000a2400000, 0x00000000a2400000, 0x00000000a2500000|  0%| F|  |TAMS 0x00000000a2400000| PB 0x00000000a2400000| Untracked 
|  25|0x00000000a2500000, 0x00000000a2500000, 0x00000000a2600000|  0%| F|  |TAMS 0x00000000a2500000| PB 0x00000000a2500000| Untracked 
|  26|0x00000000a2600000, 0x00000000a2600000, 0x00000000a2700000|  0%| F|  |TAMS 0x00000000a2600000| PB 0x00000000a2600000| Untracked 
|  27|0x00000000a2700000, 0x00000000a2700000, 0x00000000a2800000|  0%| F|  |TAMS 0x00000000a2700000| PB 0x00000000a2700000| Untracked 
|  28|0x00000000a2800000, 0x00000000a2800000, 0x00000000a2900000|  0%| F|  |TAMS 0x00000000a2800000| PB 0x00000000a2800000| Untracked 
|  29|0x00000000a2900000, 0x00000000a2900000, 0x00000000a2a00000|  0%| F|  |TAMS 0x00000000a2900000| PB 0x00000000a2900000| Untracked 
|  30|0x00000000a2a00000, 0x00000000a2a00000, 0x00000000a2b00000|  0%| F|  |TAMS 0x00000000a2a00000| PB 0x00000000a2a00000| Untracked 
|  31|0x00000000a2b00000, 0x00000000a2b00000, 0x00000000a2c00000|  0%| F|  |TAMS 0x00000000a2b00000| PB 0x00000000a2b00000| Untracked 
|  32|0x00000000a2c00000, 0x00000000a2c00000, 0x00000000a2d00000|  0%| F|  |TAMS 0x00000000a2c00000| PB 0x00000000a2c00000| Untracked 
|  33|0x00000000a2d00000, 0x00000000a2d00000, 0x00000000a2e00000|  0%| F|  |TAMS 0x00000000a2d00000| PB 0x00000000a2d00000| Untracked 
|  34|0x00000000a2e00000, 0x00000000a2e00000, 0x00000000a2f00000|  0%| F|  |TAMS 0x00000000a2e00000| PB 0x00000000a2e00000| Untracked 
|  35|0x00000000a2f00000, 0x00000000a2f00000, 0x00000000a3000000|  0%| F|  |TAMS 0x00000000a2f00000| PB 0x00000000a2f00000| Untracked 
|  36|0x00000000a3000000, 0x00000000a3000000, 0x00000000a3100000|  0%| F|  |TAMS 0x00000000a3000000| PB 0x00000000a3000000| Untracked 
|  37|0x00000000a3100000, 0x00000000a3100000, 0x00000000a3200000|  0%| F|  |TAMS 0x00000000a3100000| PB 0x00000000a3100000| Untracked 
|  38|0x00000000a3200000, 0x00000000a3200000, 0x00000000a3300000|  0%| F|  |TAMS 0x00000000a3200000| PB 0x00000000a3200000| Untracked 
|  39|0x00000000a3300000, 0x00000000a3300000, 0x00000000a3400000|  0%| F|  |TAMS 0x00000000a3300000| PB 0x00000000a3300000| Untracked 
|  40|0x00000000a3400000, 0x00000000a3400000, 0x00000000a3500000|  0%| F|  |TAMS 0x00000000a3400000| PB 0x00000000a3400000| Untracked 
|  41|0x00000000a3500000, 0x00000000a3500000, 0x00000000a3600000|  0%| F|  |TAMS 0x00000000a3500000| PB 0x00000000a3500000| Untracked 
|  42|0x00000000a3600000, 0x00000000a3600000, 0x00000000a3700000|  0%| F|  |TAMS 0x00000000a3600000| PB 0x00000000a3600000| Untracked 
|  43|0x00000000a3700000, 0x00000000a3700000, 0x00000000a3800000|  0%| F|  |TAMS 0x00000000a3700000| PB 0x00000000a3700000| Untracked 
|  44|0x00000000a3800000, 0x00000000a3800000, 0x00000000a3900000|  0%| F|  |TAMS 0x00000000a3800000| PB 0x00000000a3800000| Untracked 
|  45|0x00000000a3900000, 0x00000000a3900000, 0x00000000a3a00000|  0%| F|  |TAMS 0x00000000a3900000| PB 0x00000000a3900000| Untracked 
|  46|0x00000000a3a00000, 0x00000000a3a00000, 0x00000000a3b00000|  0%| F|  |TAMS 0x00000000a3a00000| PB 0x00000000a3a00000| Untracked 
|  47|0x00000000a3b00000, 0x00000000a3b00000, 0x00000000a3c00000|  0%| F|  |TAMS 0x00000000a3b00000| PB 0x00000000a3b00000| Untracked 
|  48|0x00000000a3c00000, 0x00000000a3c00000, 0x00000000a3d00000|  0%| F|  |TAMS 0x00000000a3c00000| PB 0x00000000a3c00000| Untracked 
|  49|0x00000000a3d00000, 0x00000000a3d00000, 0x00000000a3e00000|  0%| F|  |TAMS 0x00000000a3d00000| PB 0x00000000a3d00000| Untracked 
|  50|0x00000000a3e00000, 0x00000000a3e00000, 0x00000000a3f00000|  0%| F|  |TAMS 0x00000000a3e00000| PB 0x00000000a3e00000| Untracked 
|  51|0x00000000a3f00000, 0x00000000a3f00000, 0x00000000a4000000|  0%| F|  |TAMS 0x00000000a3f00000| PB 0x00000000a3f00000| Untracked 
|  52|0x00000000a4000000, 0x00000000a4000000, 0x00000000a4100000|  0%| F|  |TAMS 0x00000000a4000000| PB 0x00000000a4000000| Untracked 
|  53|0x00000000a4100000, 0x00000000a4100000, 0x00000000a4200000|  0%| F|  |TAMS 0x00000000a4100000| PB 0x00000000a4100000| Untracked 
|  54|0x00000000a4200000, 0x00000000a4200000, 0x00000000a4300000|  0%| F|  |TAMS 0x00000000a4200000| PB 0x00000000a4200000| Untracked 
|  55|0x00000000a4300000, 0x00000000a4300000, 0x00000000a4400000|  0%| F|  |TAMS 0x00000000a4300000| PB 0x00000000a4300000| Untracked 
|  56|0x00000000a4400000, 0x00000000a4400000, 0x00000000a4500000|  0%| F|  |TAMS 0x00000000a4400000| PB 0x00000000a4400000| Untracked 
|  57|0x00000000a4500000, 0x00000000a4500000, 0x00000000a4600000|  0%| F|  |TAMS 0x00000000a4500000| PB 0x00000000a4500000| Untracked 
|  58|0x00000000a4600000, 0x00000000a4600000, 0x00000000a4700000|  0%| F|  |TAMS 0x00000000a4600000| PB 0x00000000a4600000| Untracked 
|  59|0x00000000a4700000, 0x00000000a4700000, 0x00000000a4800000|  0%| F|  |TAMS 0x00000000a4700000| PB 0x00000000a4700000| Untracked 
|  60|0x00000000a4800000, 0x00000000a4800000, 0x00000000a4900000|  0%| F|  |TAMS 0x00000000a4800000| PB 0x00000000a4800000| Untracked 
|  61|0x00000000a4900000, 0x00000000a4900000, 0x00000000a4a00000|  0%| F|  |TAMS 0x00000000a4900000| PB 0x00000000a4900000| Untracked 
|  62|0x00000000a4a00000, 0x00000000a4a00000, 0x00000000a4b00000|  0%| F|  |TAMS 0x00000000a4a00000| PB 0x00000000a4a00000| Untracked 
|  63|0x00000000a4b00000, 0x00000000a4b00000, 0x00000000a4c00000|  0%| F|  |TAMS 0x00000000a4b00000| PB 0x00000000a4b00000| Untracked 
|  64|0x00000000a4c00000, 0x00000000a4c00000, 0x00000000a4d00000|  0%| F|  |TAMS 0x00000000a4c00000| PB 0x00000000a4c00000| Untracked 
|  65|0x00000000a4d00000, 0x00000000a4d00000, 0x00000000a4e00000|  0%| F|  |TAMS 0x00000000a4d00000| PB 0x00000000a4d00000| Untracked 
|  66|0x00000000a4e00000, 0x00000000a4e00000, 0x00000000a4f00000|  0%| F|  |TAMS 0x00000000a4e00000| PB 0x00000000a4e00000| Untracked 
|  67|0x00000000a4f00000, 0x00000000a4f00000, 0x00000000a5000000|  0%| F|  |TAMS 0x00000000a4f00000| PB 0x00000000a4f00000| Untracked 
|  68|0x00000000a5000000, 0x00000000a5000000, 0x00000000a5100000|  0%| F|  |TAMS 0x00000000a5000000| PB 0x00000000a5000000| Untracked 
|  69|0x00000000a5100000, 0x00000000a5100000, 0x00000000a5200000|  0%| F|  |TAMS 0x00000000a5100000| PB 0x00000000a5100000| Untracked 
|  70|0x00000000a5200000, 0x00000000a5200000, 0x00000000a5300000|  0%| F|  |TAMS 0x00000000a5200000| PB 0x00000000a5200000| Untracked 
|  71|0x00000000a5300000, 0x00000000a5300000, 0x00000000a5400000|  0%| F|  |TAMS 0x00000000a5300000| PB 0x00000000a5300000| Untracked 
|  72|0x00000000a5400000, 0x00000000a5400000, 0x00000000a5500000|  0%| F|  |TAMS 0x00000000a5400000| PB 0x00000000a5400000| Untracked 
|  73|0x00000000a5500000, 0x00000000a5500000, 0x00000000a5600000|  0%| F|  |TAMS 0x00000000a5500000| PB 0x00000000a5500000| Untracked 
|  74|0x00000000a5600000, 0x00000000a5600000, 0x00000000a5700000|  0%| F|  |TAMS 0x00000000a5600000| PB 0x00000000a5600000| Untracked 
|  75|0x00000000a5700000, 0x00000000a5700000, 0x00000000a5800000|  0%| F|  |TAMS 0x00000000a5700000| PB 0x00000000a5700000| Untracked 
|  76|0x00000000a5800000, 0x00000000a5800000, 0x00000000a5900000|  0%| F|  |TAMS 0x00000000a5800000| PB 0x00000000a5800000| Untracked 
|  77|0x00000000a5900000, 0x00000000a5900000, 0x00000000a5a00000|  0%| F|  |TAMS 0x00000000a5900000| PB 0x00000000a5900000| Untracked 
|  78|0x00000000a5a00000, 0x00000000a5a00000, 0x00000000a5b00000|  0%| F|  |TAMS 0x00000000a5a00000| PB 0x00000000a5a00000| Untracked 
|  79|0x00000000a5b00000, 0x00000000a5b00000, 0x00000000a5c00000|  0%| F|  |TAMS 0x00000000a5b00000| PB 0x00000000a5b00000| Untracked 
|  80|0x00000000a5c00000, 0x00000000a5c00000, 0x00000000a5d00000|  0%| F|  |TAMS 0x00000000a5c00000| PB 0x00000000a5c00000| Untracked 
|  81|0x00000000a5d00000, 0x00000000a5d00000, 0x00000000a5e00000|  0%| F|  |TAMS 0x00000000a5d00000| PB 0x00000000a5d00000| Untracked 
|  82|0x00000000a5e00000, 0x00000000a5e00000, 0x00000000a5f00000|  0%| F|  |TAMS 0x00000000a5e00000| PB 0x00000000a5e00000| Untracked 
|  83|0x00000000a5f00000, 0x00000000a5f00000, 0x00000000a6000000|  0%| F|  |TAMS 0x00000000a5f00000| PB 0x00000000a5f00000| Untracked 
|  84|0x00000000a6000000, 0x00000000a6000000, 0x00000000a6100000|  0%| F|  |TAMS 0x00000000a6000000| PB 0x00000000a6000000| Untracked 
|  85|0x00000000a6100000, 0x00000000a6142918, 0x00000000a6200000| 26%| E|  |TAMS 0x00000000a6100000| PB 0x00000000a6100000| Complete 
|  86|0x00000000a6200000, 0x00000000a6300000, 0x00000000a6300000|100%| E|CS|TAMS 0x00000000a6200000| PB 0x00000000a6200000| Complete 
|  87|0x00000000a6300000, 0x00000000a6400000, 0x00000000a6400000|100%| E|CS|TAMS 0x00000000a6300000| PB 0x00000000a6300000| Complete 
|  88|0x00000000a6400000, 0x00000000a6500000, 0x00000000a6500000|100%| E|CS|TAMS 0x00000000a6400000| PB 0x00000000a6400000| Complete 
|  89|0x00000000a6500000, 0x00000000a6600000, 0x00000000a6600000|100%| E|CS|TAMS 0x00000000a6500000| PB 0x00000000a6500000| Complete 
|  90|0x00000000a6600000, 0x00000000a6700000, 0x00000000a6700000|100%| E|CS|TAMS 0x00000000a6600000| PB 0x00000000a6600000| Complete 
|  91|0x00000000a6700000, 0x00000000a6800000, 0x00000000a6800000|100%| E|CS|TAMS 0x00000000a6700000| PB 0x00000000a6700000| Complete 
|  92|0x00000000a6800000, 0x00000000a6900000, 0x00000000a6900000|100%| E|CS|TAMS 0x00000000a6800000| PB 0x00000000a6800000| Complete 
|  93|0x00000000a6900000, 0x00000000a6a00000, 0x00000000a6a00000|100%| E|CS|TAMS 0x00000000a6900000| PB 0x00000000a6900000| Complete 
|  94|0x00000000a6a00000, 0x00000000a6b00000, 0x00000000a6b00000|100%| E|CS|TAMS 0x00000000a6a00000| PB 0x00000000a6a00000| Complete 
|  95|0x00000000a6b00000, 0x00000000a6c00000, 0x00000000a6c00000|100%| E|CS|TAMS 0x00000000a6b00000| PB 0x00000000a6b00000| Complete 

Card table byte_map: [0x000001afdcbc0000,0x000001afdcec0000] _byte_map_base: 0x000001afdc6ba000

Marking Bits: (CMBitMap*) 0x000001afc5211280
 Bits: [0x000001afdcec0000, 0x000001afde690000)

Polling page: 0x000001afc31b0000

Metaspace:

Usage:
  Non-class:      1.83 MB used.
      Class:    202.62 KB used.
       Both:      2.02 MB used.

Virtual space:
  Non-class space:       64.00 MB reserved,       1.88 MB (  3%) committed,  1 nodes.
      Class space:        1.00 GB reserved,     320.00 KB ( <1%) committed,  1 nodes.
             Both:        1.06 GB reserved,       2.19 MB ( <1%) committed. 

Chunk freelists:
   Non-Class:  11.05 MB
       Class:  15.59 MB
        Both:  26.64 MB

MaxMetaspaceSize: unlimited
CompressedClassSpaceSize: 1.00 GB
Initial GC threshold: 21.00 MB
Current GC threshold: 21.00 MB
CDS: on
 - commit_granule_bytes: 65536.
 - commit_granule_words: 8192.
 - virtual_space_node_default_size: 8388608.
 - enlarge_chunks_in_place: 1.
 - use_allocation_guard: 0.


Internal statistics:

num_allocs_failed_limit: 0.
num_arena_births: 72.
num_arena_deaths: 0.
num_vsnodes_births: 2.
num_vsnodes_deaths: 0.
num_space_committed: 35.
num_space_uncommitted: 0.
num_chunks_returned_to_freelist: 0.
num_chunks_taken_from_freelist: 150.
num_chunk_merges: 0.
num_chunk_splits: 82.
num_chunks_enlarged: 29.
num_inconsistent_stats: 0.

CodeHeap 'non-profiled nmethods': size=120000Kb used=246Kb max_used=246Kb free=119753Kb
 bounds [0x000001afd5390000, 0x000001afd5600000, 0x000001afdc8c0000]
CodeHeap 'profiled nmethods': size=120000Kb used=1072Kb max_used=1072Kb free=118927Kb
 bounds [0x000001afcd8c0000, 0x000001afcdb30000, 0x000001afd4df0000]
CodeHeap 'non-nmethods': size=5760Kb used=1336Kb max_used=1353Kb free=4423Kb
 bounds [0x000001afd4df0000, 0x000001afd5060000, 0x000001afd5390000]
CodeCache: size=245760Kb, used=2654Kb, max_used=2671Kb, free=243103Kb
 total_blobs=1142, nmethods=698, adapters=349, full_count=0
Compilation: enabled, stopped_count=0, restarted_count=0

Compilation events (20 events):
Event: 1.113 Thread 0x000001afe0b42260 nmethod 686 0x000001afcd9c4690 code [0x000001afcd9c4900, 0x000001afcd9c54e8]
Event: 1.113 Thread 0x000001afe0b42260  687       3       java.lang.System$2::getBytesNoRepl (6 bytes)
Event: 1.113 Thread 0x000001afe0b42260 nmethod 687 0x000001afcd9c5a10 code [0x000001afcd9c5c20, 0x000001afcd9c6408]
Event: 1.113 Thread 0x000001afe0b42260  688   !   3       java.util.zip.ZipFile$ZipFileInflaterInputStream::close (67 bytes)
Event: 1.114 Thread 0x000001afe0b42260 nmethod 688 0x000001afcd9c6610 code [0x000001afcd9c6860, 0x000001afcd9c70b0]
Event: 1.116 Thread 0x000001afe0b42260  689       3       java.lang.ClassLoader::loadClass (7 bytes)
Event: 1.116 Thread 0x000001afe0b42260 nmethod 689 0x000001afcd9c7490 code [0x000001afcd9c7640, 0x000001afcd9c7818]
Event: 1.116 Thread 0x000001afe0b42260  690       3       jdk.internal.loader.ClassLoaders$AppClassLoader::loadClass (40 bytes)
Event: 1.116 Thread 0x000001afe0b42260 nmethod 690 0x000001afcd9c7890 code [0x000001afcd9c7a80, 0x000001afcd9c7e80]
Event: 1.116 Thread 0x000001afe0b42260  691       3       jdk.internal.loader.BuiltinClassLoader::loadClass (22 bytes)
Event: 1.116 Thread 0x000001afe0b42260 nmethod 691 0x000001afcd9c8010 code [0x000001afcd9c81e0, 0x000001afcd9c84a8]
Event: 1.117 Thread 0x000001afe0b42260  692   !   3       java.util.zip.ZipFile::getInputStream (275 bytes)
Event: 1.118 Thread 0x000001afe0b42260 nmethod 692 0x000001afcd9c8590 code [0x000001afcd9c88a0, 0x000001afcd9c99f8]
Event: 1.118 Thread 0x000001afe0b42260  693       3       java.util.zip.ZipFile$ZipFileInputStream::<init> (96 bytes)
Event: 1.119 Thread 0x000001afe0b3f020  695       4       java.lang.StringLatin1::replace (198 bytes)
Event: 1.119 Thread 0x000001afe0b42260 nmethod 693 0x000001afcd9ca490 code [0x000001afcd9ca6e0, 0x000001afcd9cb108]
Event: 1.119 Thread 0x000001afe0b42260  694       3       java.util.zip.ZipUtils::LOCNAM (7 bytes)
Event: 1.119 Thread 0x000001afe0b42260 nmethod 694 0x000001afcd9cb590 code [0x000001afcd9cb740, 0x000001afcd9cb8e0]
Event: 1.119 Thread 0x000001afe0b42260  696       3       java.io.File::exists (34 bytes)
Event: 1.120 Thread 0x000001afe0b42260 nmethod 696 0x000001afcd9cba10 code [0x000001afcd9cbc00, 0x000001afcd9cc008]

GC Heap History (0 events):
No events

Dll operation events (6 events):
Event: 0.015 Loaded shared library C:\Program Files\Java\jdk-21\bin\java.dll
Event: 0.077 Loaded shared library C:\Program Files\Java\jdk-21\bin\jsvml.dll
Event: 0.349 Loaded shared library C:\Program Files\Java\jdk-21\bin\net.dll
Event: 0.353 Loaded shared library C:\Program Files\Java\jdk-21\bin\nio.dll
Event: 0.359 Loaded shared library C:\Program Files\Java\jdk-21\bin\zip.dll
Event: 0.720 Loaded shared library C:\Program Files\Java\jdk-21\bin\jimage.dll

Deoptimization events (20 events):
Event: 0.392 Thread 0x000001afc2f11450 DEOPT PACKING pc=0x000001afcd8e0049 sp=0x0000000d30bfa2d0
Event: 0.392 Thread 0x000001afc2f11450 DEOPT UNPACKING pc=0x000001afd4e44e42 sp=0x0000000d30bf9740 mode 0
Event: 0.392 Thread 0x000001afc2f11450 DEOPT PACKING pc=0x000001afcd8e0049 sp=0x0000000d30bfa2d0
Event: 0.392 Thread 0x000001afc2f11450 DEOPT UNPACKING pc=0x000001afd4e44e42 sp=0x0000000d30bf9740 mode 0
Event: 0.392 Thread 0x000001afc2f11450 DEOPT PACKING pc=0x000001afcd8e0049 sp=0x0000000d30bfa2d0
Event: 0.392 Thread 0x000001afc2f11450 DEOPT UNPACKING pc=0x000001afd4e44e42 sp=0x0000000d30bf9740 mode 0
Event: 0.392 Thread 0x000001afc2f11450 DEOPT PACKING pc=0x000001afcd8e0049 sp=0x0000000d30bfa2d0
Event: 0.392 Thread 0x000001afc2f11450 DEOPT UNPACKING pc=0x000001afd4e44e42 sp=0x0000000d30bf9740 mode 0
Event: 0.499 Thread 0x000001afc2f11450 DEOPT PACKING pc=0x000001afcd8dd74c sp=0x0000000d30bfa650
Event: 0.499 Thread 0x000001afc2f11450 DEOPT UNPACKING pc=0x000001afd4e44e42 sp=0x0000000d30bf9a70 mode 0
Event: 0.741 Thread 0x000001afc2f11450 Uncommon trap: trap_request=0xffffff45 fr.pc=0x000001afd539ee10 relative=0x0000000000000070
Event: 0.741 Thread 0x000001afc2f11450 Uncommon trap: reason=unstable_if action=reinterpret pc=0x000001afd539ee10 method=java.io.WinNTFileSystem.isSlash(C)Z @ 9 c2
Event: 0.741 Thread 0x000001afc2f11450 DEOPT PACKING pc=0x000001afd539ee10 sp=0x0000000d30bfdd40
Event: 0.741 Thread 0x000001afc2f11450 DEOPT UNPACKING pc=0x000001afd4e446a2 sp=0x0000000d30bfdcc8 mode 2
Event: 0.750 Thread 0x000001afc2f11450 DEOPT PACKING pc=0x000001afcd8ecb5a sp=0x0000000d30bfd090
Event: 0.750 Thread 0x000001afc2f11450 DEOPT UNPACKING pc=0x000001afd4e44e42 sp=0x0000000d30bfc520 mode 0
Event: 0.753 Thread 0x000001afc2f11450 DEOPT PACKING pc=0x000001afcd8ecb5a sp=0x0000000d30bf99d0
Event: 0.753 Thread 0x000001afc2f11450 DEOPT UNPACKING pc=0x000001afd4e44e42 sp=0x0000000d30bf8e60 mode 0
Event: 1.044 Thread 0x000001afc2f11450 DEOPT PACKING pc=0x000001afcd91ddc5 sp=0x0000000d30bfd930
Event: 1.044 Thread 0x000001afc2f11450 DEOPT UNPACKING pc=0x000001afd4e44e42 sp=0x0000000d30bfcd80 mode 0

Classes loaded (20 events):
Event: 1.004 Loading class java/time/zone/ZoneOffsetTransition
Event: 1.005 Loading class java/time/zone/ZoneOffsetTransition done
Event: 1.019 Loading class java/util/concurrent/atomic/AtomicReference
Event: 1.019 Loading class java/util/concurrent/atomic/AtomicReference done
Event: 1.025 Loading class java/lang/NumberFormatException
Event: 1.025 Loading class java/lang/NumberFormatException done
Event: 1.042 Loading class java/lang/InterruptedException
Event: 1.042 Loading class java/lang/InterruptedException done
Event: 1.042 Loading class java/util/concurrent/TimeoutException
Event: 1.042 Loading class java/util/concurrent/TimeoutException done
Event: 1.098 Loading class java/lang/IllegalAccessError
Event: 1.098 Loading class java/lang/IllegalAccessError done
Event: 1.121 Loading class java/util/IdentityHashMap$EntrySet
Event: 1.122 Loading class java/util/IdentityHashMap$EntrySet done
Event: 1.122 Loading class java/util/IdentityHashMap$EntryIterator
Event: 1.122 Loading class java/util/IdentityHashMap$EntryIterator done
Event: 1.122 Loading class java/util/IdentityHashMap$EntryIterator$Entry
Event: 1.122 Loading class java/util/IdentityHashMap$EntryIterator$Entry done
Event: 1.123 Loading class java/util/IdentityHashMap$ValueIterator
Event: 1.123 Loading class java/util/IdentityHashMap$ValueIterator done

Classes unloaded (0 events):
No events

Classes redefined (0 events):
No events

Internal exceptions (2 events):
Event: 0.904 Thread 0x000001afc2f11450 Exception <a 'java/lang/NoSuchMethodError'{0x00000000a6317130}: 'java.lang.Object java.lang.invoke.DirectMethodHandle$Holder.invokeSpecial(java.lang.Object, java.lang.Object, java.lang.Object, long, java.lang.Object)'> (0x00000000a6317130) 
thrown [s\src\hotspot\share\interpreter\linkResolver.cpp, line 773]
Event: 0.905 Thread 0x000001afc2f11450 Exception <a 'java/lang/NoSuchMethodError'{0x00000000a631aaa0}: 'java.lang.Object java.lang.invoke.Invokers$Holder.linkToTargetMethod(java.lang.Object, long, java.lang.Object, java.lang.Object)'> (0x00000000a631aaa0) 
thrown [s\src\hotspot\share\interpreter\linkResolver.cpp, line 773]

ZGC Phase Switch (0 events):
No events

VM Operations (6 events):
Event: 0.371 Executing VM operation: HandshakeAllThreads (Deoptimize)
Event: 0.371 Executing VM operation: HandshakeAllThreads (Deoptimize) done
Event: 0.593 Executing VM operation: HandshakeAllThreads (Deoptimize)
Event: 0.593 Executing VM operation: HandshakeAllThreads (Deoptimize) done
Event: 0.741 Executing VM operation: HandshakeAllThreads (Deoptimize)
Event: 0.741 Executing VM operation: HandshakeAllThreads (Deoptimize) done

Memory protections (0 events):
No events

Nmethod flushes (0 events):
No events

Events (11 events):
Event: 0.049 Thread 0x000001afc2f11450 Thread added: 0x000001afc2f11450
Event: 0.074 Thread 0x000001afc2f11450 Thread added: 0x000001afe0b2d600
Event: 0.074 Thread 0x000001afc2f11450 Thread added: 0x000001afe0b2e510
Event: 0.075 Thread 0x000001afc2f11450 Thread added: 0x000001afe0b31f30
Event: 0.075 Thread 0x000001afc2f11450 Thread added: 0x000001afe0b34990
Event: 0.075 Thread 0x000001afc2f11450 Thread added: 0x000001afe0b38a70
Event: 0.075 Thread 0x000001afc2f11450 Thread added: 0x000001afe0b3caf0
Event: 0.075 Thread 0x000001afc2f11450 Thread added: 0x000001afe0b3f020
Event: 0.076 Thread 0x000001afc2f11450 Thread added: 0x000001afe0b42260
Event: 0.324 Thread 0x000001afc2f11450 Thread added: 0x000001afe0c8cca0
Event: 0.335 Thread 0x000001afc2f11450 Thread added: 0x000001afe0c970b0


Dynamic libraries:
0x00007ff7869d0000 - 0x00007ff7869de000 	C:\Program Files\Java\jdk-21\bin\java.exe
0x00007fff48f50000 - 0x00007fff49167000 	C:\WINDOWS\SYSTEM32\ntdll.dll
0x00007fff47a50000 - 0x00007fff47b14000 	C:\WINDOWS\System32\KERNEL32.DLL
0x00007fff462d0000 - 0x00007fff466a2000 	C:\WINDOWS\System32\KERNELBASE.dll
0x00007fff461b0000 - 0x00007fff462c1000 	C:\WINDOWS\System32\ucrtbase.dll
0x00007fff34080000 - 0x00007fff3409e000 	C:\Program Files\Java\jdk-21\bin\VCRUNTIME140.dll
0x00007fff37980000 - 0x00007fff37998000 	C:\Program Files\Java\jdk-21\bin\jli.dll
0x00007fff47050000 - 0x00007fff47201000 	C:\WINDOWS\System32\USER32.dll
0x00007fff46b30000 - 0x00007fff46b56000 	C:\WINDOWS\System32\win32u.dll
0x00007fff48930000 - 0x00007fff48959000 	C:\WINDOWS\System32\GDI32.dll
0x00007fff36300000 - 0x00007fff3659b000 	C:\WINDOWS\WinSxS\amd64_microsoft.windows.common-controls_6595b64144ccf1df_6.0.22621.5415_none_270d77d17387d7da\COMCTL32.dll
0x00007fff46820000 - 0x00007fff46943000 	C:\WINDOWS\System32\gdi32full.dll
0x00007fff48960000 - 0x00007fff48a07000 	C:\WINDOWS\System32\msvcrt.dll
0x00007fff469d0000 - 0x00007fff46a6a000 	C:\WINDOWS\System32\msvcp_win.dll
0x00007fff47860000 - 0x00007fff47891000 	C:\WINDOWS\System32\IMM32.DLL
0x00007fff3fe10000 - 0x00007fff3fe1c000 	C:\Program Files\Java\jdk-21\bin\vcruntime140_1.dll
0x00007fff0bfc0000 - 0x00007fff0c04d000 	C:\Program Files\Java\jdk-21\bin\msvcp140.dll
0x00007ffea28c0000 - 0x00007ffea3657000 	C:\Program Files\Java\jdk-21\bin\server\jvm.dll
0x00007fff47210000 - 0x00007fff472c1000 	C:\WINDOWS\System32\ADVAPI32.dll
0x00007fff47b40000 - 0x00007fff47be8000 	C:\WINDOWS\System32\sechost.dll
0x00007fff46040000 - 0x00007fff46068000 	C:\WINDOWS\System32\bcrypt.dll
0x00007fff478b0000 - 0x00007fff479c4000 	C:\WINDOWS\System32\RPCRT4.dll
0x00007fff46fd0000 - 0x00007fff47041000 	C:\WINDOWS\System32\WS2_32.dll
0x00007fff45f10000 - 0x00007fff45f5d000 	C:\WINDOWS\SYSTEM32\POWRPROF.dll
0x00007fff41ae0000 - 0x00007fff41b14000 	C:\WINDOWS\SYSTEM32\WINMM.dll
0x00007fff3ddd0000 - 0x00007fff3ddda000 	C:\WINDOWS\SYSTEM32\VERSION.dll
0x00007fff45ef0000 - 0x00007fff45f03000 	C:\WINDOWS\SYSTEM32\UMPDC.dll
0x00007fff45030000 - 0x00007fff45048000 	C:\WINDOWS\SYSTEM32\kernel.appcore.dll
0x00007fff39290000 - 0x00007fff3929a000 	C:\Program Files\Java\jdk-21\bin\jimage.dll
0x00007fff438f0000 - 0x00007fff43b23000 	C:\WINDOWS\SYSTEM32\DBGHELP.DLL
0x00007fff47430000 - 0x00007fff477c3000 	C:\WINDOWS\System32\combase.dll
0x00007fff46be0000 - 0x00007fff46cb7000 	C:\WINDOWS\System32\OLEAUT32.dll
0x00007fff2f710000 - 0x00007fff2f742000 	C:\WINDOWS\SYSTEM32\dbgcore.DLL
0x00007fff46b60000 - 0x00007fff46bdb000 	C:\WINDOWS\System32\bcryptPrimitives.dll
0x00007fff31d30000 - 0x00007fff31d4f000 	C:\Program Files\Java\jdk-21\bin\java.dll
0x00007fff47db0000 - 0x00007fff48652000 	C:\WINDOWS\System32\SHELL32.dll
0x00007fff46070000 - 0x00007fff461af000 	C:\WINDOWS\System32\wintypes.dll
0x00007fff43f20000 - 0x00007fff4483e000 	C:\WINDOWS\SYSTEM32\windows.storage.dll
0x00007fff472d0000 - 0x00007fff473db000 	C:\WINDOWS\System32\SHCORE.dll
0x00007fff48a10000 - 0x00007fff48a79000 	C:\WINDOWS\System32\shlwapi.dll
0x00007fff45f70000 - 0x00007fff45f9b000 	C:\WINDOWS\SYSTEM32\profapi.dll
0x00007ffedfcb0000 - 0x00007ffedfd87000 	C:\Program Files\Java\jdk-21\bin\jsvml.dll
0x00007fff38cd0000 - 0x00007fff38ce0000 	C:\Program Files\Java\jdk-21\bin\net.dll
0x00007fff3f9d0000 - 0x00007fff3fafc000 	C:\WINDOWS\SYSTEM32\WINHTTP.dll
0x00007fff454a0000 - 0x00007fff45509000 	C:\WINDOWS\system32\mswsock.dll
0x00007fff31d10000 - 0x00007fff31d26000 	C:\Program Files\Java\jdk-21\bin\nio.dll
0x00007fff31cf0000 - 0x00007fff31d08000 	C:\Program Files\Java\jdk-21\bin\zip.dll

JVMTI agents: none

dbghelp: loaded successfully - version: 4.0.5 - missing functions: none
symbol engine: initialized successfully - sym options: 0x614 - pdb path: .;C:\Program Files\Java\jdk-21\bin;C:\WINDOWS\SYSTEM32;C:\WINDOWS\WinSxS\amd64_microsoft.windows.common-controls_6595b64144ccf1df_6.0.22621.5415_none_270d77d17387d7da;C:\Program Files\Java\jdk-21\bin\server

VM Arguments:
jvm_args: -Dfile.encoding=UTF-8 
java_command: com.ravindu.microservices.order.OrderServiceApplication
java_class_path (initial): D:\Github repos\Microservices-E-Commerce-Platform-\order-service\target\classes;C:\Users\ASUS\.m2\repository\org\springframework\boot\spring-boot-starter-data-jpa\3.5.5\spring-boot-starter-data-jpa-3.5.5.jar;C:\Users\ASUS\.m2\repository\org\springframework\boot\spring-boot-starter\3.5.5\spring-boot-starter-3.5.5.jar;C:\Users\ASUS\.m2\repository\org\springframework\boot\spring-boot\3.5.5\spring-boot-3.5.5.jar;C:\Users\ASUS\.m2\repository\org\springframework\boot\spring-boot-starter-logging\3.5.5\spring-boot-starter-logging-3.5.5.jar;C:\Users\ASUS\.m2\repository\ch\qos\logback\logback-classic\1.5.18\logback-classic-1.5.18.jar;C:\Users\ASUS\.m2\repository\ch\qos\logback\logback-core\1.5.18\logback-core-1.5.18.jar;C:\Users\ASUS\.m2\repository\org\apache\logging\log4j\log4j-to-slf4j\2.24.3\log4j-to-slf4j-2.24.3.jar;C:\Users\ASUS\.m2\repository\org\apache\logging\log4j\log4j-api\2.24.3\log4j-api-2.24.3.jar;C:\Users\ASUS\.m2\repository\org\slf4j\jul-to-slf4j\2.0.17\jul-to-slf4j-2.0.17.jar;C:\Users\ASUS\.m2\repository\jakarta\annotation\jakarta.annotation-api\2.1.1\jakarta.annotation-api-2.1.1.jar;C:\Users\ASUS\.m2\repository\org\yaml\snakeyaml\2.4\snakeyaml-2.4.jar;C:\Users\ASUS\.m2\repository\org\springframework\boot\spring-boot-starter-jdbc\3.5.5\spring-boot-starter-jdbc-3.5.5.jar;C:\Users\ASUS\.m2\repository\com\zaxxer\HikariCP\6.3.2\HikariCP-6.3.2.jar;C:\Users\ASUS\.m2\repository\org\springframework\spring-jdbc\6.2.10\spring-jdbc-6.2.10.jar;C:\Users\ASUS\.m2\repository\org\hibernate\orm\hibernate-core\6.6.26.Final\hibernate-core-6.6.26.Final.jar;C:\Users\ASUS\.m2\repository\jakarta\transaction\jakarta.transaction-api\2.0.1\jakarta.transaction-api-2.0.1.jar;C:\Users\ASUS\.m2\repository\org\jboss\logging\jboss-logging\3.6.1.Final\jboss-logging-3.6.1.Final.jar;C:\Users\ASUS\.m2\repository\org\hibernate\common\hibernate-commons-annotations\7.0.3.Final\hibernate-commons-annotations-7.0.3.Final.jar;C:\Users\ASUS\.m2\repository\io\smallrye\jandex\3.2.0\jandex-3.2.0.jar;C:\Users\ASUS\.m2\repository\com\fasterxml\classmate\1.7.0\classmate-1.7.0.jar;C:\Users\ASUS\.m2\repository\net\bytebuddy\byte-buddy\1.17.7\byte-buddy-1.17.7.jar;C:\Users\ASUS\.m2\repository\org\glassfish\jaxb\jaxb-runtime\4.0.5\jaxb-runtime-4.0.5.jar;C:\Users\ASUS\.m2\repository\org\glassfish\jaxb\jaxb-core\4.0.5\jaxb-core-4.0.5.jar;C:\Users\ASUS\.m2\repository\org\eclipse\angus\angus-activation\2.0.2\angus-activation-2.0.2.jar;C:\Users\ASUS\.m2\repository\org\glassfish\jaxb\txw2\4.0.5\txw2-4.0.5.jar;C:\Users\ASUS\.m2\repository\com\sun\istack\istack-commons-runtime\4.1.2\istack-commons-runtime-4.1.2.jar;C:\Users\ASUS\.m2\repository\jakarta\inject\jakarta.inject-api\2.0.1\jakarta.inject-api-2.0.1.jar;C:\Users\ASUS\.m2\repository\org\antlr\antlr4-runtime\4.13.0\antlr4-runtime-4.13.0.jar;C:\Users\ASUS\.m2\repository\org\springframework\data\spring-data-jpa\3.5.3\spring-data-jpa-3.5.3.jar;C:\Users\ASUS\.m2\repository\org\springframework\data\spring-data-commons\3.5.3\spring-data-commons-3.5.3.jar;C:\Users\ASUS\.m2\repository\org\springframework\spring-orm\6.2.10\spring-orm-6.2.10.jar;C:\Users\ASUS\.m2\repository\org\springframework\spring-context\6.2.10\spring-context-6.2.10.jar;C:\Users\ASUS\.m2\repository\org\springframework\spring-aop\6.2.10\spring-aop-6.2.10.jar;C:\Users\ASUS\.m2\repository\org\springframework\spring-tx\6.2.10\spring-tx-6.2.10.jar;C:\Users\ASUS\.m2\repository\org\springframework\spring-beans\6.2.10\spring-beans-6.2.10.jar;C:\Users\ASUS\.m2\repository\org\slf4j\slf4j-api\2.0.17\slf4j-api-2.0.17.jar;C:\Users\ASUS\.m2\repository\org\springframework\spring-aspects\6.2.10\spring-aspects-6.2.10.jar;C:\Users\ASUS\.m2\repository\org\aspectj\aspectjweaver\1.9.24\aspectjweaver-1.9.24.jar;C:\Users\ASUS\.m2\repository\org\springframework\boot\spring-boot-starter-web\3.5.5\spring-boot-starter-web-3.5.5.jar;C:\Users\ASUS\.m2\repository\org\springframework\boot\spring-boot-starter-json\3.5.5\spring-boot-starter-json-3.5.5.jar;C:\Users\ASUS\.m2\repository\com\fasterxml\jackson\core\jackson-databind\2.19.2\jackson-databind-2.19.2.jar;C:\Users\ASUS\.m2\repository\com\fasterxml\jackson\datatype\jackson-datatype-jdk8\2.19.2\jackson-datatype-jdk8-2.19.2.jar;C:\Users\ASUS\.m2\repository\com\fasterxml\jackson\module\jackson-module-parameter-names\2.19.2\jackson-module-parameter-names-2.19.2.jar;C:\Users\ASUS\.m2\repository\org\springframework\boot\spring-boot-starter-tomcat\3.5.5\spring-boot-starter-tomcat-3.5.5.jar;C:\Users\ASUS\.m2\repository\org\apache\tomcat\embed\tomcat-embed-core\10.1.44\tomcat-embed-core-10.1.44.jar;C:\Users\ASUS\.m2\repository\org\apache\tomcat\embed\tomcat-embed-el\10.1.44\tomcat-embed-el-10.1.44.jar;C:\Users\ASUS\.m2\repository\org\apache\tomcat\embed\tomcat-embed-websocket\10.1.44\tomcat-embed-websocket-10.1.44.jar;C:\Users\ASUS\.m2\repository\org\springframework\spring-web\6.2.10\spring-web-6.2.10.jar;C:\Users\ASUS\.m2\repository\io\micrometer\micrometer-observation\1.15.3\micrometer-observation-1.15.3.jar;C:\Users\ASUS\.m2\repository\io\micrometer\micrometer-commons\1.15.3\micrometer-commons-1.15.3.jar;C:\Users\ASUS\.m2\repository\org\springframework\spring-webmvc\6.2.10\spring-webmvc-6.2.10.jar;C:\Users\ASUS\.m2\repository\org\springframework\spring-expression\6.2.10\spring-expression-6.2.10.jar;C:\Users\ASUS\.m2\repository\org\flywaydb\flyway-core\11.7.2\flyway-core-11.7.2.jar;C:\Users\ASUS\.m2\repository\com\fasterxml\jackson\dataformat\jackson-dataformat-toml\2.19.2\jackson-dataformat-toml-2.19.2.jar;C:\Users\ASUS\.m2\repository\com\fasterxml\jackson\core\jackson-core\2.19.2\jackson-core-2.19.2.jar;C:\Users\ASUS\.m2\repository\com\fasterxml\jackson\datatype\jackson-datatype-jsr310\2.19.2\jackson-datatype-jsr310-2.19.2.jar;C:\Users\ASUS\.m2\repository\com\fasterxml\jackson\core\jackson-annotations\2.19.2\jackson-annotations-2.19.2.jar;C:\Users\ASUS\.m2\repository\org\flywaydb\flyway-mysql\11.7.2\flyway-mysql-11.7.2.jar;C:\Users\ASUS\.m2\repository\com\mysql\mysql-connector-j\9.4.0\mysql-connector-j-9.4.0.jar;C:\Users\ASUS\.m2\repository\org\projectlombok\lombok\1.18.38\lombok-1.18.38.jar;C:\Users\ASUS\.m2\repository\jakarta\xml\bind\jakarta.xml.bind-api\4.0.2\jakarta.xml.bind-api-4.0.2.jar;C:\Users\ASUS\.m2\repository\jakarta\activation\jakarta.activation-api\2.1.3\jakarta.activation-api-2.1.3.jar;C:\Users\ASUS\.m2\repository\org\springframework\spring-core\6.2.10\spring-core-6.2.10.jar;C:\Users\ASUS\.m2\repository\org\springframework\spring-jcl\6.2.10\spring-jcl-6.2.10.jar;C:\Users\ASUS\.m2\repository\org\springframework\boot\spring-boot-autoconfigure\3.5.5\spring-boot-autoconfigure-3.5.5.jar;C:\Users\ASUS\.m2\repository\jakarta\persistence\jakarta.persistence-api\3.1.0\jakarta.persistence-api-3.1.0.jar
Launcher Type: SUN_STANDARD

[Global flags]
     intx CICompilerCount                          = 3                                         {product} {ergonomic}
     uint ConcGCThreads                            = 1                                         {product} {ergonomic}
     uint G1ConcRefinementThreads                  = 4                                         {product} {ergonomic}
   size_t G1HeapRegionSize                         = 1048576                                   {product} {ergonomic}
    uintx GCDrainStackTargetSize                   = 64                                        {product} {ergonomic}
   size_t InitialHeapSize                          = 100663296                                 {product} {ergonomic}
   size_t MarkStackSize                            = 4194304                                   {product} {ergonomic}
   size_t MaxHeapSize                              = 1598029824                                {product} {ergonomic}
   size_t MaxNewSize                               = 958398464                                 {product} {ergonomic}
   size_t MinHeapDeltaBytes                        = 1048576                                   {product} {ergonomic}
   size_t MinHeapSize                              = 8388608                                   {product} {ergonomic}
    uintx NonNMethodCodeHeapSize                   = 5832780                                {pd product} {ergonomic}
    uintx NonProfiledCodeHeapSize                  = 122912730                              {pd product} {ergonomic}
    uintx ProfiledCodeHeapSize                     = 122912730                              {pd product} {ergonomic}
    uintx ReservedCodeCacheSize                    = 251658240                              {pd product} {ergonomic}
     bool SegmentedCodeCache                       = true                                      {product} {ergonomic}
   size_t SoftMaxHeapSize                          = 1598029824                             {manageable} {ergonomic}
     bool UseCompressedOops                        = true                           {product lp64_product} {ergonomic}
     bool UseG1GC                                  = true                                      {product} {ergonomic}
     bool UseLargePagesIndividualAllocation        = false                                  {pd product} {ergonomic}

Logging:
Log output configuration:
 #0: stdout all=warning uptime,level,tags foldmultilines=false
 #1: stderr all=off uptime,level,tags foldmultilines=false

Environment Variables:
JAVA_HOME=C:\Program Files\Java\jdk-21
PATH=C:\Program Files\Java\jdk-21\bin;C:\Program Files\Common Files\Oracle\Java\javapath;C:\Program Files (x86)\Common Files\Oracle\Java\javapath;C:\WINDOWS\system32;C:\WINDOWS;C:\WINDOWS\System32\Wbem;C:\WINDOWS\System32\WindowsPowerShell\v1.0\;C:\WINDOWS\System32\OpenSSH\;C:\Program Files (x86)\Bitvise SSH Client;C:\iverilog\bin\;C:\Program Files\Java\jdk-19\bin;C:\Program Files\Git\cmd;C:\Users\ASUS\AppData\Local\Programs\Python\Python311;D:\avr8-gnu-toolchain-win32_x86_64\bin;D:\avr;C:\Program Files\Docker\Docker\resources\bin;D:\mongosh-2.2.6-win32-x64\bin;C:\Program Files\nodejs\;C:\Program Files\Java\jdk-21\bin;C:\Users\ASUS\scoop\shims;C:\Users\ASUS\AppData\Local\Microsoft\WindowsApps;C:\Users\ASUS\AppData\Local\GitHubDesktop\bin;C:\Users\ASUS\AppData\Local\Programs\Python\Python311;C:\Users\ASUS\AppData\Local\Programs\Python\Python311\Scripts;D:\IntelliJ IDEA 2024.1.3\bin;;C:\Users\ASUS\AppData\Roaming\npm;C:\Users\ASUS\AppData\Local\Programs\Microsoft VS Code\bin
USERNAME=ASUS
OS=Windows_NT
PROCESSOR_IDENTIFIER=AMD64 Family 23 Model 24 Stepping 1, AuthenticAMD
TMP=C:\Users\ASUS\AppData\Local\Temp
TEMP=C:\Users\ASUS\AppData\Local\Temp




Periodic native trim disabled

---------------  S Y S T E M  ---------------

OS:
 Windows 11 , 64 bit Build 22621 (10.0.22621.5415)
OS uptime: 1 days 9:06 hours
Hyper-V role detected

CPU: total 4 (initial active 4) (4 cores per cpu, 2 threads per core) family 23 model 24 stepping 1 microcode 0x0, cx8, cmov, fxsr, ht, mmx, 3dnowpref, sse, sse2, sse3, ssse3, sse4a, sse4.1, sse4.2, popcnt, lzcnt, tsc, tscinvbit, avx, avx2, aes, clmul, bmi1, bmi2, adx, sha, fma, vzeroupper, clflush, clflushopt, hv, rdtscp, f16c
Processor Information for the first 4 processors :
  Max Mhz: 2600, Current Mhz: 2600, Mhz Limit: 2600

Memory: 4k page, system-wide physical 6094M (213M free)
TotalPageFile size 14286M (AvailPageFile size 1M)
current process WorkingSet (physical memory assigned to process): 54M, peak: 54M
current process commit charge ("private bytes"): 174M, peak: 174M

vm_info: OpenJDK 64-Bit Server VM (21.0.8+9-LTS) for windows-amd64 JRE (21.0.8+9-LTS), built on 2025-07-15T00:00:00Z by "admin" with MS VC++ 17.7 (VS2022)

END.
